frame_idx,timestamp,camera_id,class_name,confidence,x1,y1,x2,y2,box_area_px,track_id
6,0.497,18,Bottle,0.2688,2520,576,2554,675,3366,
8,0.697,18,Bottle,0.3008,2519,578,2552,674,3168,
13,1.197,18,Cigarette,0.5689,1129,476,1144,498,330,
13,1.197,18,Bottle,0.2637,1363,292,1411,352,2880,
14,1.297,18,Cigarette,0.4410,1149,500,1167,520,360,
15,1.397,18,knife,0.5389,1995,493,2034,582,3471,
15,1.397,18,Cigarette,0.4563,1170,521,1191,547,546,
16,1.497,18,knife,0.7134,1217,356,1252,383,945,1
17,1.597,18,knife,0.8234,1245,375,1284,404,1131,1
19,1.797,18,Cigarette,0.5466,1404,558,1428,584,624,1
19,1.797,18,Cigarette,0.3622,1308,419,1343,448,1015,1
19,1.797,18,Bottle,0.2700,2519,586,2550,672,2666,
20,1.897,18,Bottle,0.2772,2519,587,2550,671,2604,
21,1.997,18,Bottle,0.2538,2520,584,2551,673,2759,
22,2.097,18,Bottle,0.2660,2519,583,2551,672,2848,
24,2.297,18,knife,0.4352,1527,577,1749,687,24420,
27,2.597,18,Bottle,0.5522,1022,241,1050,282,1148,37
27,2.597,18,Bottle,0.2970,2519,587,2550,673,2666,
28,2.697,18,knife,0.3733,1861,853,2106,1174,78645,
29,2.797,18,Cigarette,0.3083,1342,362,1364,383,462,
31,2.997,18,Bottle,0.2908,2519,577,2551,672,3040,
33,3.197,18,Bottle,0.2991,2518,578,2550,672,3008,
34,3.297,18,Bottle,0.2538,2519,579,2551,672,2976,
35,3.397,18,Bottle,0.2708,2519,580,2551,672,2944,
36,3.497,18,Bottle,0.2863,2519,581,2551,672,2912,
36,3.497,18,knife,0.2630,1024,1216,1055,1290,2294,
37,3.597,18,Bottle,0.2776,2519,579,2551,672,2976,
37,3.597,18,knife,0.2741,1024,1219,1054,1289,2100,
38,3.697,18,knife,0.2573,1024,1219,1054,1291,2160,
39,3.797,18,Bottle,0.2979,2518,578,2550,672,3008,
40,3.897,18,Bottle,0.2872,2518,580,2550,672,2944,
42,4.097,18,Cigarette,0.2518,1405,877,1483,955,6084,
43,4.197,18,Cigarette,0.6410,1477,959,1534,1042,4731,
46,4.497,18,Bottle,0.2566,2518,576,2550,672,3072,
48,4.697,18,Bottle,0.2877,2517,576,2550,672,3168,
49,4.797,18,Bottle,0.2882,2517,576,2550,672,3168,
50,4.897,18,Bottle,0.3010,2517,576,2550,672,3168,
51,4.997,18,Bottle,0.3349,2517,577,2550,672,3135,
52,5.097,18,Bottle,0.3378,2517,576,2550,672,3168,
53,5.197,18,Bottle,0.3262,2517,577,2550,672,3135,
54,5.297,18,Bottle,0.3180,2517,577,2550,672,3135,
55,5.397,18,Bottle,0.3132,2517,576,2550,672,3168,
56,5.497,18,Bottle,0.3193,2517,577,2549,672,3040,
57,5.597,18,Bottle,0.3792,2517,576,2550,672,3168,
58,5.697,18,Bottle,0.3376,2517,576,2550,672,3168,
59,5.797,18,Bottle,0.3373,2517,576,2550,673,3201,
60,5.897,18,Bottle,0.3402,2517,576,2550,672,3168,
61,5.997,18,Bottle,0.3910,2517,576,2550,674,3234,
62,6.097,18,Bottle,0.3597,2517,576,2550,674,3234,
63,6.197,18,Bottle,0.4039,2517,576,2550,674,3234,
64,6.297,18,Bottle,0.3660,2517,576,2550,674,3234,
65,6.397,18,Cigarette,0.5013,2397,951,2414,963,204,87
65,6.397,18,Bottle,0.3787,2517,576,2550,673,3201,
66,6.497,18,Bottle,0.4569,2517,576,2550,673,3201,
67,6.597,18,knife,0.5335,2477,994,2488,1019,275,83
67,6.597,18,Bottle,0.4964,2517,576,2551,674,3332,
68,6.697,18,Cigarette,0.7343,2460,990,2468,1005,120,83
68,6.697,18,Bottle,0.4819,2517,576,2551,674,3332,
68,6.697,18,Cigarette,0.2943,2477,989,2488,1019,330,83
69,6.797,18,Cigarette,0.6960,2459,989,2469,1005,160,83
69,6.797,18,Bottle,0.4838,2517,576,2550,674,3234,
70,6.897,18,Bottle,0.4646,2517,576,2550,674,3234,
71,6.997,18,Bottle,0.4441,2518,583,2549,672,2759,
72,7.097,18,Bottle,0.3792,2518,583,2549,672,2759,
73,7.197,18,Bottle,0.3953,2517,578,2550,672,3102,
73,7.197,18,Bottle,0.2520,2520,617,2547,671,1458,
74,7.297,18,Bottle,0.3549,2517,578,2550,672,3102,
74,7.297,18,Bottle,0.2778,2520,616,2547,672,1512,
75,7.397,18,Bottle,0.4084,2517,577,2550,673,3168,
75,7.397,18,Bottle,0.2771,2520,616,2547,671,1485,
76,7.497,18,Bottle,0.3954,2516,576,2550,673,3298,
76,7.497,18,Bottle,0.3045,2520,615,2547,671,1512,
77,7.597,18,Bottle,0.3971,2516,577,2550,672,3230,
77,7.597,18,Bottle,0.3088,2520,616,2547,671,1485,
78,7.697,18,Bottle,0.3723,2516,577,2550,672,3230,
78,7.697,18,Bottle,0.2981,2519,615,2547,671,1568,
79,7.797,18,Bottle,0.4153,2516,577,2549,672,3135,
79,7.797,18,Cigarette,0.2681,2397,947,2404,964,119,83
79,7.797,18,Bottle,0.2610,2519,614,2546,672,1566,
80,7.897,18,Bottle,0.4675,2516,579,2549,672,3069,
80,7.897,18,Cigarette,0.3717,2345,889,2352,892,21,83
81,7.997,18,Bottle,0.4403,2516,576,2550,672,3264,
82,8.097,18,Bottle,0.3671,2516,576,2550,673,3298,
83,8.197,18,Bottle,0.4158,2514,561,2557,682,5203,
84,8.297,18,Bottle,0.4019,2515,562,2556,682,4920,
84,8.297,18,Cigarette,0.3066,2314,857,2318,863,24,83
85,8.397,18,Bottle,0.3499,2515,565,2556,682,4797,
86,8.497,18,Bottle,0.3179,2516,576,2550,673,3298,
87,8.597,18,Bottle,0.3634,2516,576,2550,673,3298,
88,8.697,18,Bottle,0.4116,2516,576,2550,673,3298,
89,8.797,18,Bottle,0.4170,2515,580,2549,672,3128,
90,8.897,18,Bottle,0.4913,2513,574,2556,682,4644,
91,8.997,18,Bottle,0.4006,2513,564,2557,682,5192,
91,8.997,18,Bottle,0.2711,1050,181,1070,217,720,
92,9.097,18,Bottle,0.3159,2514,565,2557,682,5031,
93,9.197,18,Bottle,0.3758,2513,564,2557,682,5192,
93,9.197,18,Bottle,0.3009,1051,180,1071,218,760,
94,9.297,18,Bottle,0.3583,2514,581,2549,673,3220,
95,9.397,18,Bottle,0.3534,2514,579,2549,673,3290,
96,9.497,18,Bottle,0.3194,2513,562,2557,682,5280,
96,9.497,18,Bottle,0.2931,1050,175,1071,215,840,
97,9.597,18,Bottle,0.2992,2513,563,2557,682,5236,
98,9.697,18,Bottle,0.3040,2512,561,2557,682,5445,
99,9.797,18,knife,0.4199,2127,722,2156,769,1363,83
99,9.797,18,Bottle,0.3390,2512,562,2557,682,5400,
100,9.897,18,Bottle,0.3451,2512,561,2557,682,5445,
101,9.997,18,Bottle,0.3391,2512,558,2557,681,5535,
102,10.097,18,knife,0.6785,2093,710,2121,746,1008,83
103,10.197,18,Bottle,0.3146,2511,556,2555,679,5412,
104,10.297,18,Bottle,0.2979,2511,555,2556,679,5580,
105,10.397,18,Bottle,0.2934,2511,554,2555,679,5500,
106,10.497,18,Bottle,0.2824,2512,552,2556,680,5632,
107,10.597,18,Bottle,0.3243,2512,556,2556,681,5500,
108,10.697,18,knife,0.6633,2066,601,2141,728,9525,83
108,10.697,18,Bottle,0.3050,2513,556,2556,681,5375,
109,10.797,18,knife,0.4702,2075,596,2131,710,6384,83
109,10.797,18,knife,0.3897,2063,683,2077,704,294,83
109,10.797,18,Cigarette,0.3197,2099,629,2105,635,36,83
109,10.797,18,Bottle,0.2955,2513,556,2556,681,5375,
110,10.897,18,knife,0.4885,2093,591,2125,715,3968,83
110,10.897,18,Bottle,0.3149,2512,590,2548,671,2916,
111,10.997,18,Bottle,0.4004,2512,586,2548,671,3060,
111,10.997,18,knife,0.2968,2097,588,2123,694,2756,83
112,11.097,18,knife,0.4352,2091,587,2122,699,3472,83
112,11.097,18,Bottle,0.3836,2512,586,2548,671,3060,
113,11.197,18,knife,0.4147,2093,586,2122,700,3306,83
113,11.197,18,Bottle,0.3601,2512,584,2548,671,3132,
114,11.297,18,knife,0.5541,2093,584,2126,699,3795,83
114,11.297,18,Bottle,0.3162,2512,585,2548,671,3096,
114,11.297,18,Cigarette,0.2669,1188,481,1213,515,850,
115,11.397,18,knife,0.7210,2088,584,2130,691,4494,83
115,11.397,18,Bottle,0.3417,2512,583,2548,671,3168,
116,11.497,18,knife,0.7437,2087,584,2131,689,4620,83
116,11.497,18,Bottle,0.3322,2512,583,2548,671,3168,
117,11.597,18,knife,0.7068,2090,585,2131,692,4387,83
117,11.597,18,Bottle,0.3519,2512,583,2548,671,3168,
118,11.697,18,knife,0.7487,2089,587,2135,692,4830,83
118,11.697,18,Cigarette,0.6965,1338,635,1373,674,1365,
118,11.697,18,Bottle,0.3322,2512,586,2548,671,3060,
119,11.797,18,knife,0.7052,2094,588,2135,697,4469,83
119,11.797,18,Bottle,0.3390,2512,588,2548,671,2988,
120,11.897,18,knife,0.7356,2098,590,2138,698,4320,83
120,11.897,18,Bottle,0.3240,2512,587,2548,672,3060,
120,11.897,18,Cigarette,0.2754,1506,719,1534,755,1008,
121,11.997,18,knife,0.7110,2102,593,2145,704,4773,83
121,11.997,18,Cigarette,0.4215,1262,512,1284,534,484,
121,11.997,18,Bottle,0.2583,2513,584,2549,673,3204,
122,12.097,18,knife,0.6507,2107,595,2150,707,4816,83
122,12.097,18,Cigarette,0.3082,1295,543,1319,567,576,
123,12.197,18,knife,0.6040,2106,594,2145,705,4329,83
123,12.197,18,Bottle,0.3050,2513,555,2556,682,5461,
124,12.297,18,knife,0.5958,2108,597,2142,706,3706,83
124,12.297,18,Bottle,0.2555,2513,587,2548,673,3010,
125,12.397,18,knife,0.5775,2108,598,2142,707,3706,83
126,12.497,18,Cigarette,0.6425,2232,1353,2319,1440,7569,
126,12.497,18,knife,0.5213,2108,600,2144,710,3960,83
127,12.597,18,knife,0.5550,2108,600,2142,708,3672,83
128,12.697,18,knife,0.4645,2105,602,2141,704,3672,83
128,12.697,18,Cigarette,0.2503,1482,865,1532,919,2700,
129,12.797,18,knife,0.4289,2109,603,2144,709,3710,83
129,12.797,18,Bottle,0.4181,2514,581,2548,671,3060,
129,12.797,18,Bottle,0.2568,2512,523,2556,678,6820,
130,12.897,18,Bottle,0.5045,2075,703,2089,740,518,83
130,12.897,18,Bottle,0.3621,2513,580,2549,672,3312,
130,12.897,18,knife,0.3227,2101,602,2142,715,4633,83
131,12.997,18,Bottle,0.3610,2510,534,2556,678,6624,
131,12.997,18,Bottle,0.3101,2515,581,2549,673,3128,
132,13.097,18,Bottle,0.3538,2510,554,2557,682,6016,
133,13.197,18,Bottle,0.2558,2510,546,2555,675,5805,
134,13.297,18,Bottle,0.3369,2510,524,2554,674,6600,
135,13.397,18,Bottle,0.3025,2510,529,2554,673,6336,
136,13.497,18,Bottle,0.3542,2510,530,2554,673,6292,
137,13.597,18,Bottle,0.3546,2510,529,2554,673,6336,
140,13.897,18,Cigarette,0.2640,1149,422,1171,445,506,
141,13.997,18,Bottle,0.2645,2513,605,2547,670,2210,
142,14.097,18,Cigarette,0.2875,1144,462,1172,493,868,
143,14.197,18,Bottle,0.2611,2513,602,2547,671,2346,
145,14.397,18,knife,0.3909,2098,606,2141,712,4558,206
145,14.397,18,Bottle,0.2782,2513,612,2546,670,1914,
147,14.597,18,knife,0.2610,2105,602,2144,720,4602,206
148,14.697,18,Cigarette,0.6361,1071,608,1104,643,1155,
148,14.697,18,knife,0.2815,2099,601,2141,721,5040,221
149,14.797,18,Cigarette,0.7664,1101,651,1132,681,930,
149,14.797,18,Cigarette,0.7649,1506,613,1534,653,1120,
149,14.797,18,Cigarette,0.4433,1122,589,1145,614,575,
149,14.797,18,knife,0.2963,2100,602,2140,721,4760,221
150,14.897,18,Cigarette,0.7684,1125,691,1170,731,1800,
150,14.897,18,knife,0.4466,2096,602,2138,715,4746,221
151,14.997,18,Cigarette,0.5653,1169,745,1221,798,2756,
151,14.997,18,knife,0.4809,2108,600,2142,707,3638,221
151,14.997,18,Bottle,0.3633,2513,605,2548,672,2345,
152,15.097,18,Cigarette,0.6530,1209,799,1285,910,8436,
152,15.097,18,knife,0.5954,2107,599,2141,707,3672,221
152,15.097,18,Bottle,0.3003,2511,559,2555,680,5324,
152,15.097,18,Cigarette,0.2634,1211,806,1269,862,3248,
153,15.197,18,Cigarette,0.6591,1256,873,1336,969,7680,
153,15.197,18,knife,0.6409,2108,597,2144,707,3960,221
153,15.197,18,Bottle,0.2721,2512,558,2556,680,5368,
154,15.297,18,Cigarette,0.6430,1621,975,1651,999,720,
154,15.297,18,knife,0.6230,2104,595,2142,705,4180,221
154,15.297,18,Cigarette,0.4722,1126,404,1150,426,528,
154,15.297,18,Bottle,0.4001,2511,558,2556,681,5535,
154,15.297,18,Cigarette,0.2667,1122,402,1143,422,420,
155,15.397,18,knife,0.6251,2094,591,2138,710,5236,221
155,15.397,18,Bottle,0.3236,2064,645,2080,683,608,221
155,15.397,18,Bottle,0.3098,898,113,916,164,918,
155,15.397,18,Bottle,0.2906,2510,557,2555,679,5490,
155,15.397,18,Bottle,0.2853,2070,644,2079,657,117,221
156,15.497,18,knife,0.5276,2095,592,2135,714,4880,
157,15.597,18,Bottle,0.8389,2074,631,2086,652,252,221
157,15.597,18,knife,0.6940,2090,590,2132,714,5208,221
158,15.697,18,knife,0.6625,2090,590,2131,711,4961,221
158,15.697,18,Bottle,0.6335,2076,627,2091,645,270,221
159,15.797,18,knife,0.7220,2085,587,2129,708,5324,221
160,15.897,18,knife,0.7124,2082,586,2128,709,5658,221
160,15.897,18,Cigarette,0.4037,928,306,942,321,210,
161,15.997,18,knife,0.5899,2080,586,2119,700,4446,221
161,15.997,18,Cigarette,0.4931,938,314,953,331,255,
161,15.997,18,Cigarette,0.4763,2076,619,2081,622,15,221
161,15.997,18,Bottle,0.2708,2510,597,2545,672,2625,
162,16.097,18,knife,0.6537,2081,586,2122,707,4961,221
162,16.097,18,Cigarette,0.4639,948,326,962,341,210,
163,16.197,18,Cigarette,0.5517,956,337,971,351,210,
163,16.197,18,Cigarette,0.4955,2072,617,2077,620,15,221
163,16.197,18,knife,0.3612,2079,586,2114,698,3920,221
163,16.197,18,Bottle,0.2609,2510,586,2545,673,3045,
164,16.297,18,knife,0.4589,2080,585,2123,710,5375,221
164,16.297,18,Cigarette,0.4354,968,349,985,365,272,
164,16.297,18,Cigarette,0.3810,2071,617,2077,620,18,221
165,16.397,18,Cigarette,0.4917,2071,616,2076,619,15,221
165,16.397,18,Bottle,0.2992,2510,584,2545,672,3080,
165,16.397,18,Cigarette,0.2991,979,363,997,379,288,
165,16.397,18,knife,0.2723,2076,585,2113,696,4107,221
166,16.497,18,Cigarette,0.5294,2071,616,2076,619,15,221
166,16.497,18,Bottle,0.3255,2510,580,2546,673,3348,
166,16.497,18,knife,0.2820,2076,585,2113,700,4255,221
167,16.597,18,Cigarette,0.5970,2070,616,2075,619,15,221
167,16.597,18,Bottle,0.3449,2510,581,2546,673,3312,
167,16.597,18,knife,0.2855,2076,586,2114,700,4332,221
168,16.697,18,Cigarette,0.5839,2070,616,2076,619,18,221
168,16.697,18,knife,0.4788,2081,585,2122,702,4797,221
169,16.797,18,Cigarette,0.4710,2071,616,2076,620,20,221
169,16.797,18,knife,0.3986,2081,585,2122,702,4797,221
169,16.797,18,Cigarette,0.2967,1024,434,1045,452,378,
169,16.797,18,Cigarette,0.2893,1032,430,1053,452,462,
170,16.897,18,Cigarette,0.5549,2070,616,2076,619,18,221
170,16.897,18,knife,0.5354,2081,585,2123,701,4872,221
171,16.997,18,Cigarette,0.5373,2070,616,2077,620,28,221
172,17.097,18,Cigarette,0.7137,2071,616,2077,620,24,221
173,17.197,18,Cigarette,0.6686,2072,616,2079,620,28,221
174,17.297,18,Cigarette,0.5393,2072,617,2078,620,18,221
174,17.297,18,knife,0.2536,2078,586,2109,689,3193,221
175,17.397,18,Cigarette,0.4761,2072,617,2078,620,18,221
176,17.497,18,Cigarette,0.3958,2072,617,2078,620,18,221
177,17.597,18,knife,0.4513,2082,584,2124,705,5082,221
177,17.597,18,Cigarette,0.2861,2073,617,2079,620,18,221
178,17.697,18,knife,0.4697,2081,585,2125,706,5324,221
178,17.697,18,Cigarette,0.3835,2072,617,2078,620,18,221
179,17.797,18,knife,0.5604,2081,585,2125,706,5324,221
179,17.797,18,Cigarette,0.3829,2073,617,2079,620,18,221
179,17.797,18,Cigarette,0.2516,2085,634,2092,638,28,221
180,17.897,18,Cigarette,0.5502,2073,617,2079,620,18,221
180,17.897,18,knife,0.4988,2081,585,2125,705,5280,221
180,17.897,18,Bottle,0.2546,984,160,1009,220,1500,
181,17.997,18,Cigarette,0.5736,2073,617,2079,621,24,221
181,17.997,18,knife,0.5573,2083,584,2127,704,5280,221
182,18.097,18,knife,0.6246,2082,584,2127,704,5400,221
182,18.097,18,Cigarette,0.5808,2073,617,2079,621,24,221
183,18.197,18,Cigarette,0.5420,2073,617,2079,620,18,221
183,18.197,18,knife,0.4996,2084,584,2127,704,5160,221
183,18.197,18,Cigarette,0.3878,1043,477,1110,514,2479,258
184,18.297,18,knife,0.6503,2083,584,2127,704,5280,221
184,18.297,18,Cigarette,0.5855,2072,617,2079,621,28,221
184,18.297,18,Cigarette,0.2589,1429,609,1474,658,2205,
185,18.397,18,knife,0.5782,2082,585,2127,704,5355,221
185,18.397,18,Cigarette,0.4908,2072,617,2078,620,18,221
185,18.397,18,Cigarette,0.4295,1389,703,1419,743,1200,
186,18.497,18,knife,0.7148,2084,585,2128,703,5192,221
186,18.497,18,Cigarette,0.3776,2072,617,2078,620,18,221
186,18.497,18,Cigarette,0.3749,1122,458,1140,477,342,
187,18.597,18,Cigarette,0.7121,1474,796,1511,839,1591,
187,18.597,18,Cigarette,0.5718,1150,487,1169,512,475,
187,18.597,18,knife,0.2597,2082,585,2125,705,5160,
188,18.697,18,Cigarette,0.7728,1185,528,1208,556,644,
188,18.697,18,knife,0.7526,2081,585,2127,703,5428,221
189,18.797,18,knife,0.7397,2082,585,2128,703,5428,221
189,18.797,18,Cigarette,0.7247,1229,576,1255,598,572,
189,18.797,18,Bottle,0.3839,2510,579,2545,671,3220,
189,18.797,18,Cigarette,0.2755,2072,617,2078,620,18,221
190,18.897,18,Cigarette,0.7140,1274,621,1301,653,864,
190,18.897,18,knife,0.6984,2082,585,2127,703,5310,221
190,18.897,18,Cigarette,0.2910,2072,618,2078,621,18,221
191,18.997,18,Cigarette,0.6885,2073,618,2079,622,24,221
191,18.997,18,Cigarette,0.4829,2083,635,2091,639,32,221
191,18.997,18,Cigarette,0.4358,964,486,974,518,320,
191,18.997,18,knife,0.3924,2082,584,2125,703,5117,221
191,18.997,18,Bottle,0.2941,2370,891,2483,1149,29154,
192,19.097,18,Cigarette,0.6662,1323,847,1394,904,4047,
192,19.097,18,knife,0.6574,2082,584,2126,705,5324,221
192,19.097,18,Cigarette,0.5386,976,503,991,540,555,
192,19.097,18,Cigarette,0.4676,2074,618,2080,621,18,221
192,19.097,18,Cigarette,0.3937,2086,635,2092,639,24,221
193,19.197,18,Cigarette,0.7711,1391,940,1472,1006,5346,
193,19.197,18,knife,0.6354,2082,584,2126,704,5280,221
193,19.197,18,Cigarette,0.5625,2084,635,2092,639,32,221
193,19.197,18,knife,0.3617,1442,576,1534,704,11776,
193,19.197,18,Cigarette,0.2769,990,525,1009,566,779,
193,19.197,18,Cigarette,0.2718,2073,619,2080,622,21,221
194,19.297,18,knife,0.6279,2081,583,2128,707,5828,221
194,19.297,18,Cigarette,0.4797,1004,546,1028,594,1152,
194,19.297,18,Cigarette,0.4496,1478,1048,1573,1129,7695,
194,19.297,18,Cigarette,0.2659,2076,619,2083,623,28,221
195,19.397,18,knife,0.6464,2081,584,2128,703,5593,221
195,19.397,18,Cigarette,0.5596,2074,619,2079,625,30,221
195,19.397,18,Cigarette,0.4928,1575,1173,1698,1297,15252,
195,19.397,18,knife,0.3427,1017,562,1053,632,2520,
196,19.497,18,knife,0.6862,2085,585,2130,697,5040,221
197,19.597,18,knife,0.5680,2088,586,2129,697,4551,221
197,19.597,18,Bottle,0.2993,2509,523,2554,674,6795,
198,19.697,18,knife,0.6338,2091,585,2131,699,4560,221
198,19.697,18,Bottle,0.2750,2509,527,2554,675,6660,
199,19.797,18,knife,0.6166,2089,585,2131,700,4830,221
199,19.797,18,Bottle,0.3832,2509,533,2554,674,6345,
199,19.797,18,knife,0.3363,1115,698,1173,786,5104,
200,19.897,18,Cigarette,0.6981,1130,442,1156,466,624,
200,19.897,18,knife,0.6557,2089,585,2132,699,4902,221
200,19.897,18,Bottle,0.3449,2510,537,2554,674,6028,
201,19.997,18,Cigarette,0.6100,1162,470,1193,499,899,
201,19.997,18,knife,0.5987,2093,587,2132,695,4212,221
201,19.997,18,knife,0.3271,2099,637,2132,706,2277,221
202,20.097,18,knife,0.6397,2092,587,2132,694,4280,221
202,20.097,18,Cigarette,0.4622,1197,503,1231,541,1292,
202,20.097,18,knife,0.2698,2097,640,2132,709,2415,221
202,20.097,18,Bottle,0.2690,2514,558,2556,681,5166,
203,20.197,18,knife,0.7234,2091,587,2133,691,4368,221
203,20.197,18,Bottle,0.2817,2514,557,2555,681,5084,
204,20.297,18,knife,0.6741,2094,587,2133,691,4056,221
205,20.397,18,knife,0.6332,2096,588,2136,696,4320,221
205,20.397,18,Bottle,0.4407,951,139,977,198,1534,
206,20.497,18,knife,0.6200,2096,590,2142,696,4876,221
207,20.597,18,knife,0.2712,1007,362,1036,409,1363,321
207,20.597,18,knife,0.2671,2095,596,2125,698,3060,221
208,20.697,18,knife,0.4273,2094,595,2125,714,3689,221
209,20.797,18,Cigarette,0.5683,1081,355,1088,362,49,321
209,20.797,18,knife,0.5150,2096,598,2129,710,3696,
210,20.897,18,knife,0.4941,2103,600,2152,705,5145,387
211,20.997,18,knife,0.6373,2112,599,2152,715,4640,
211,20.997,18,Bottle,0.2805,1073,388,1157,518,10920,321
212,21.097,18,knife,0.3913,2110,600,2152,712,4704,
213,21.197,18,Cigarette,0.5567,1144,633,1160,654,336,321
213,21.197,18,knife,0.3593,2106,602,2149,722,5160,221
215,21.397,18,Bottle,0.3568,2108,601,2139,660,1829,221
216,21.497,18,Bottle,0.4672,2108,601,2137,660,1711,221
217,21.597,18,Bottle,0.4397,2109,601,2136,660,1593,221
218,21.697,18,Bottle,0.3603,2109,603,2141,659,1792,221
219,21.797,18,Bottle,0.3241,1947,646,1996,706,2940,387
219,21.797,18,Bottle,0.2920,2110,602,2144,667,2210,221
221,21.997,18,knife,0.2981,1489,990,1535,1130,6440,
222,22.097,18,Bottle,0.2736,2508,516,2555,677,7567,
222,22.097,18,Bottle,0.2509,1890,550,1961,683,9443,387
222,22.097,18,knife,0.2505,2501,1122,2525,1155,792,442
223,22.197,18,knife,0.5245,2474,994,2484,1018,240,442
223,22.197,18,Bottle,0.3737,2509,549,2555,680,6026,
224,22.297,18,Bottle,0.3446,2509,555,2555,680,5750,
225,22.397,18,Bottle,0.3685,2509,533,2554,674,6345,
225,22.397,18,knife,0.3255,2103,595,2141,708,4294,221
226,22.497,18,Bottle,0.3766,2509,523,2554,674,6795,
227,22.597,18,Bottle,0.4110,1857,730,1874,746,272,462
227,22.597,18,Bottle,0.3833,2509,529,2554,674,6525,
227,22.597,18,Bottle,0.3286,1840,513,1895,641,7040,462
227,22.597,18,knife,0.3120,2095,592,2135,716,4960,221
228,22.697,18,Bottle,0.4206,1834,509,1885,633,6324,462
228,22.697,18,Bottle,0.3672,2403,939,2454,988,2499,461
229,22.797,18,knife,0.3965,2093,592,2137,716,5456,221
230,22.897,18,knife,0.4136,1438,576,1535,708,12804,
231,22.997,18,Bottle,0.3499,2511,584,2547,671,3132,
231,22.997,18,knife,0.2749,2095,591,2139,715,5456,221
233,23.197,18,Bottle,0.2715,2510,589,2546,671,2952,
235,23.397,18,knife,0.3737,2095,592,2142,715,5781,221
235,23.397,18,Bottle,0.3675,2509,526,2555,674,6808,
236,23.497,18,knife,0.3144,2095,592,2141,715,5658,221
236,23.497,18,Bottle,0.2850,2509,595,2545,671,2736,
236,23.497,18,Bottle,0.2556,2239,964,2348,1129,17985,
237,23.597,18,Bottle,0.3067,2511,550,2556,679,5805,
237,23.597,18,Cigarette,0.2657,2392,936,2395,945,27,461
238,23.697,18,knife,0.4613,2099,594,2140,706,4592,221
238,23.697,18,Bottle,0.2835,2511,548,2556,680,5940,
239,23.797,18,knife,0.4673,2102,594,2146,708,5016,221
239,23.797,18,Bottle,0.3167,2514,554,2556,681,5334,
240,23.897,18,knife,0.3511,2104,594,2142,703,4142,221
241,23.997,18,Cigarette,0.6927,2251,1047,2273,1071,528,
241,23.997,18,knife,0.4058,2103,598,2138,703,3675,221
241,23.997,18,Bottle,0.3757,1041,187,1061,223,720,
242,24.097,18,knife,0.6278,2096,599,2135,715,4524,221
242,24.097,18,Bottle,0.4581,1039,188,1060,224,756,
242,24.097,18,Bottle,0.2585,2508,620,2540,671,1632,
243,24.197,18,knife,0.4660,2098,598,2138,710,4480,221
243,24.197,18,Bottle,0.2778,1041,188,1061,225,740,
244,24.297,18,knife,0.6392,2097,600,2135,711,4218,221
245,24.397,18,knife,0.5451,2098,597,2136,709,4256,221
245,24.397,18,Bottle,0.4090,1041,187,1061,225,760,
246,24.497,18,knife,0.5936,2099,598,2138,709,4329,221
246,24.497,18,Bottle,0.2599,1041,188,1061,224,720,
247,24.597,18,Bottle,0.3076,1041,186,1061,224,760,
247,24.597,18,knife,0.3071,2100,597,2137,708,4107,221
247,24.597,18,Bottle,0.2878,1144,286,1168,334,1152,
248,24.697,18,knife,0.3851,2098,596,2133,708,3920,221
250,24.897,18,Bottle,0.7735,1592,536,1604,573,444,462
250,24.897,18,Bottle,0.2567,1105,261,1130,305,1100,
251,24.997,18,Cigarette,0.6366,1584,540,1600,572,512,462
251,24.997,18,knife,0.3275,2094,597,2124,712,3450,221
252,25.097,18,knife,0.4691,2096,597,2128,707,3520,221
253,25.197,18,knife,0.4455,2096,597,2127,710,3503,221
254,25.297,18,knife,0.6086,2094,597,2130,697,3600,221
254,25.297,18,Bottle,0.2834,2036,804,2065,862,1682,221
254,25.297,18,knife,0.2614,2085,743,2159,821,5772,221
255,25.397,18,Bottle,0.4348,2092,599,2123,679,2480,221
256,25.497,18,knife,0.4391,2097,599,2129,704,3360,461
257,25.597,18,Bottle,0.3308,2032,668,2054,706,836,518
258,25.697,18,Cigarette,0.5056,1504,502,1517,520,234,462
258,25.697,18,Cigarette,0.4784,1505,504,1523,524,360,462
258,25.697,18,knife,0.3435,2088,597,2129,659,2542,
258,25.697,18,Bottle,0.2841,1159,222,1189,286,1920,
259,25.797,18,Cigarette,0.3646,1507,501,1525,520,342,462
259,25.797,18,Bottle,0.3275,2511,593,2547,672,2844,
259,25.797,18,knife,0.2722,2117,618,2181,646,1792,
260,25.897,18,Bottle,0.4723,2020,604,2052,638,1088,518
260,25.897,18,Cigarette,0.4640,1506,496,1521,521,375,462
260,25.897,18,Bottle,0.3448,2509,587,2547,674,3306,
261,25.997,18,Bottle,0.3815,2099,597,2122,653,1288,221
262,26.097,18,knife,0.3257,2120,608,2152,712,3328,221
263,26.197,18,knife,0.6371,2110,599,2150,711,4480,221
263,26.197,18,Bottle,0.3188,1991,576,2020,615,1131,518
264,26.297,18,Cigarette,0.3888,1482,470,1500,487,306,462
264,26.297,18,knife,0.3886,2114,605,2149,712,3745,
265,26.397,18,Bottle,0.3080,2512,601,2547,671,2450,
266,26.497,18,Bottle,0.2889,2511,613,2545,670,1938,
267,26.597,18,knife,0.5006,2108,597,2148,711,4560,221
267,26.597,18,Bottle,0.2995,2512,614,2545,671,1881,
268,26.697,18,knife,0.5108,2106,597,2146,712,4600,221
268,26.697,18,Cigarette,0.4101,1453,464,1469,481,272,462
269,26.797,18,knife,0.4211,2103,597,2142,706,4251,221
269,26.797,18,Cigarette,0.3275,1456,463,1470,481,252,462
269,26.797,18,Bottle,0.3168,2513,609,2547,670,2074,
270,26.897,18,knife,0.5178,2108,597,2144,708,3996,221
270,26.897,18,Bottle,0.2675,2512,608,2547,671,2205,
270,26.897,18,Bottle,0.2575,1047,181,1069,222,902,
271,26.997,18,knife,0.3659,2108,596,2141,706,3630,221
272,27.097,18,knife,0.5207,2103,596,2140,714,4366,221
273,27.197,18,knife,0.4657,2103,595,2139,711,4176,221
274,27.297,18,knife,0.3657,2099,591,2132,713,4026,221
274,27.297,18,knife,0.2920,1315,576,1534,651,16425,
274,27.297,18,Bottle,0.2839,2511,545,2557,683,6348,
275,27.397,18,knife,0.4682,2096,590,2130,707,3978,221
276,27.497,18,Cigarette,0.3446,1875,783,1917,815,1344,
276,27.497,18,Bottle,0.2924,2513,596,2548,671,2625,
276,27.497,18,knife,0.2828,2095,587,2126,709,3782,
277,27.597,18,knife,0.6308,2094,587,2130,707,4320,221
277,27.597,18,Bottle,0.3562,2513,590,2548,671,2835,
278,27.697,18,knife,0.6893,2092,585,2131,705,4680,221
278,27.697,18,Bottle,0.3067,2513,587,2548,672,2975,
279,27.797,18,knife,0.6623,2090,585,2129,705,4680,221
280,27.897,18,knife,0.7121,2089,585,2130,704,4879,221
281,27.997,18,knife,0.5392,2090,585,2129,702,4563,221
281,27.997,18,Bottle,0.2798,2512,589,2549,672,3071,
281,27.997,18,knife,0.2561,1862,579,1900,642,2394,461
282,28.097,18,knife,0.4237,2091,584,2130,699,4485,221
282,28.097,18,Bottle,0.2797,2512,594,2549,672,2886,
283,28.197,18,knife,0.2751,2093,585,2129,703,4248,221
284,28.297,18,knife,0.5927,2094,586,2130,701,4140,221
284,28.297,18,knife,0.3928,1422,576,1535,729,17289,
285,28.397,18,knife,0.6901,2093,585,2133,701,4640,221
285,28.397,18,knife,0.3176,1838,560,1869,614,1674,461
285,28.397,18,Bottle,0.2870,2512,559,2556,681,5368,
286,28.497,18,knife,0.6345,2091,587,2134,691,4472,221
286,28.497,18,Bottle,0.4082,1049,182,1072,220,874,
286,28.497,18,Bottle,0.3014,2515,595,2549,673,2652,
287,28.597,18,knife,0.6147,2094,588,2133,693,4095,221
287,28.597,18,Bottle,0.4002,2514,592,2549,673,2835,
287,28.597,18,Bottle,0.3411,1049,180,1073,221,984,
288,28.697,18,knife,0.5092,2094,589,2130,689,3600,221
288,28.697,18,Bottle,0.2737,2512,560,2556,682,5368,
289,28.797,18,Bottle,0.3157,1663,604,1678,630,390,518
289,28.797,18,Bottle,0.2949,1690,551,1704,576,350,518
289,28.797,18,Bottle,0.2551,2512,559,2556,682,5412,
290,28.897,18,Bottle,0.3002,2512,558,2557,682,5580,
291,28.997,18,knife,0.4491,2107,631,2157,685,2700,221
291,28.997,18,Bottle,0.3763,2513,604,2546,673,2277,
291,28.997,18,Bottle,0.3328,2511,558,2556,681,5535,
292,29.097,18,knife,0.6677,2105,625,2159,678,2862,221
292,29.097,18,Bottle,0.4610,2514,599,2547,673,2442,
292,29.097,18,knife,0.3919,2096,605,2141,679,3330,221
292,29.097,18,Bottle,0.3890,2512,556,2557,681,5625,
292,29.097,18,Cigarette,0.2680,1319,420,1344,444,600,
293,29.197,18,Cigarette,0.5479,1297,389,1323,429,1040,
293,29.197,18,Bottle,0.4592,1166,225,1195,285,1740,
293,29.197,18,Bottle,0.3780,2511,558,2556,681,5535,
293,29.197,18,Bottle,0.3559,2513,601,2546,673,2376,
293,29.197,18,knife,0.2644,1763,469,1800,477,296,461
294,29.297,18,Bottle,0.4772,2513,595,2547,673,2652,
294,29.297,18,Bottle,0.4647,1650,547,1676,619,1872,518
294,29.297,18,Bottle,0.4227,1043,249,1066,302,1219,
294,29.297,18,Bottle,0.3971,2511,559,2557,681,5612,
294,29.297,18,Bottle,0.3311,1168,225,1196,286,1708,
294,29.297,18,Bottle,0.2548,1051,253,1074,302,1127,
295,29.397,18,Bottle,0.4769,2513,597,2547,673,2584,
295,29.397,18,Bottle,0.4130,2511,559,2557,681,5612,
296,29.497,18,Bottle,0.4773,2513,597,2547,673,2584,
296,29.497,18,Bottle,0.4058,2511,560,2557,681,5566,
297,29.597,18,Bottle,0.4134,2513,600,2547,673,2482,
297,29.597,18,Bottle,0.3866,2511,559,2556,681,5490,
298,29.697,18,Bottle,0.4569,2513,604,2546,673,2277,
298,29.697,18,Bottle,0.3679,2511,561,2556,681,5400,
299,29.797,18,Bottle,0.5095,2515,597,2548,672,2475,
299,29.797,18,Bottle,0.2848,2513,557,2557,681,5456,
300,29.897,18,Bottle,0.4659,2509,557,2554,674,5265,
300,29.897,18,Bottle,0.4597,1310,362,1331,385,483,588
301,29.997,18,Bottle,0.4784,2514,580,2549,671,3185,
301,29.997,18,knife,0.2699,1024,1212,1081,1316,5928,
303,30.197,18,Bottle,0.2532,2509,553,2554,674,5445,
303,30.197,18,Bottle,0.2509,2511,609,2545,674,2210,
304,30.297,18,Bottle,0.3257,2509,545,2554,672,5715,
304,30.297,18,Bottle,0.2620,2510,594,2545,674,2800,
305,30.397,18,Bottle,0.2549,2511,603,2545,674,2414,
306,30.497,18,Bottle,0.4525,2115,620,2133,640,360,221
307,30.597,18,Bottle,0.3624,2509,541,2554,672,5895,
307,30.597,18,Bottle,0.3577,2510,596,2545,674,2730,
308,30.697,18,Bottle,0.3559,2509,584,2545,675,3276,
309,30.797,18,Bottle,0.4713,1654,483,1681,521,1026,461
309,30.797,18,Bottle,0.3944,2510,584,2546,675,3276,
309,30.797,18,Bottle,0.3386,2074,627,2091,638,187,221
309,30.797,18,knife,0.3061,2087,589,2127,679,3600,221
311,30.997,18,Bottle,0.3839,2509,550,2554,673,5535,
312,31.097,18,Bottle,0.3514,2509,542,2555,673,6026,
312,31.097,18,Bottle,0.3261,1523,466,1556,537,2343,518
312,31.097,18,Bottle,0.2862,2509,592,2546,674,3034,
312,31.097,18,Cigarette,0.2521,2072,627,2082,630,30,221
313,31.197,18,Bottle,0.4034,2509,548,2555,673,5750,
313,31.197,18,Bottle,0.3225,1621,502,1655,570,2312,461
313,31.197,18,Cigarette,0.2720,2072,626,2081,630,36,221
314,31.297,18,Bottle,0.5223,1532,456,1543,486,330,518
314,31.297,18,Bottle,0.3559,2509,543,2555,673,5980,
314,31.297,18,knife,0.2863,2086,586,2119,682,3168,221
314,31.297,18,Bottle,0.2664,1605,482,1646,568,3526,461
315,31.397,18,knife,0.4536,2084,585,2123,683,3822,221
315,31.397,18,Bottle,0.3539,2509,548,2554,673,5625,
315,31.397,18,Bottle,0.2925,1515,492,1537,530,836,518
316,31.497,18,Bottle,0.5914,1022,165,1060,249,3192,
316,31.497,18,knife,0.4492,2081,586,2125,678,4048,221
316,31.497,18,Bottle,0.3552,2509,548,2554,673,5625,
316,31.497,18,knife,0.2863,2098,669,2124,699,780,221
316,31.497,18,knife,0.2845,2091,663,2125,691,952,221
317,31.597,18,Bottle,0.3685,1017,164,1057,247,3320,
317,31.597,18,Bottle,0.3556,2509,553,2554,674,5445,
318,31.697,18,Bottle,0.4012,2509,547,2554,673,5670,
318,31.697,18,knife,0.3682,1577,413,1612,431,630,461
318,31.697,18,Bottle,0.2937,1532,353,1555,388,805,518
318,31.697,18,knife,0.2798,2093,667,2126,697,990,221
318,31.697,18,knife,0.2529,2079,586,2128,681,4655,221
319,31.797,18,Bottle,0.5464,1008,167,1041,240,2409,
319,31.797,18,Bottle,0.3442,2509,550,2555,674,5704,
320,31.897,18,Bottle,0.5322,1000,161,1035,236,2625,
320,31.897,18,knife,0.3497,2090,587,2128,686,3762,221
320,31.897,18,Bottle,0.3418,2509,548,2555,674,5796,
320,31.897,18,Cigarette,0.2665,1616,522,1618,527,10,461
321,31.997,18,Bottle,0.3490,2509,551,2554,674,5535,
321,31.997,18,Bottle,0.3210,1484,435,1506,498,1386,518
321,31.997,18,Bottle,0.3209,1487,402,1521,497,3230,518
321,31.997,18,Bottle,0.2748,2510,603,2545,674,2485,
321,31.997,18,Bottle,0.2502,1503,465,1523,505,800,518
322,32.097,18,Bottle,0.5266,1578,489,1603,548,1475,461
322,32.097,18,Cigarette,0.3604,2071,638,2077,644,36,221
322,32.097,18,Bottle,0.3553,2509,551,2555,674,5658,
322,32.097,18,Bottle,0.2954,1484,399,1520,490,3276,518
322,32.097,18,Bottle,0.2736,2510,603,2545,674,2485,
323,32.197,18,knife,0.4081,2087,593,2134,684,4277,221
323,32.197,18,Bottle,0.2902,2511,558,2556,680,5490,
324,32.297,18,knife,0.3587,2087,594,2130,683,3827,221
324,32.297,18,Bottle,0.3395,2510,548,2554,674,5544,
324,32.297,18,Bottle,0.2631,2511,603,2546,673,2450,
325,32.397,18,Bottle,0.3205,2511,557,2555,679,5368,
325,32.397,18,Bottle,0.3091,1549,449,1587,526,2926,461
326,32.497,18,Cigarette,0.3386,2080,643,2086,649,36,221
326,32.497,18,Bottle,0.3070,2510,549,2554,675,5544,
327,32.597,18,Cigarette,0.3492,2088,640,2092,645,20,221
327,32.597,18,Bottle,0.3034,2510,550,2554,675,5500,
327,32.597,18,Cigarette,0.2832,1543,496,1557,526,420,
328,32.697,18,Bottle,0.4018,2510,549,2554,675,5544,
328,32.697,18,Cigarette,0.3353,2088,640,2093,646,30,221
329,32.797,18,Bottle,0.4536,2509,550,2554,674,5580,
329,32.797,18,Cigarette,0.2521,2081,644,2087,649,30,221
330,32.897,18,Bottle,0.4964,1437,448,1450,469,273,518
330,32.897,18,Bottle,0.4696,2509,552,2554,674,5490,
330,32.897,18,Cigarette,0.4245,2082,644,2088,648,24,221
331,32.997,18,Cigarette,0.7220,2081,645,2088,649,28,221
331,32.997,18,Bottle,0.3979,2509,548,2554,673,5625,
332,33.097,18,Cigarette,0.7559,2083,645,2089,650,30,221
332,33.097,18,Bottle,0.3532,2510,548,2554,674,5544,
333,33.197,18,Cigarette,0.7270,2083,644,2090,650,42,221
333,33.197,18,Bottle,0.3131,2510,546,2554,674,5632,
333,33.197,18,Bottle,0.2696,942,126,972,191,1950,
334,33.297,18,Cigarette,0.6909,2083,644,2090,650,42,221
334,33.297,18,Bottle,0.4024,2509,547,2555,674,5842,
334,33.297,18,Bottle,0.3060,1427,396,1450,463,1541,518
334,33.297,18,Bottle,0.2587,1438,397,1447,437,360,518
335,33.397,18,Cigarette,0.7340,2083,644,2090,649,35,221
335,33.397,18,Bottle,0.3289,2510,544,2555,675,5895,
335,33.397,18,Bottle,0.3078,1521,472,1536,508,540,
335,33.397,18,Bottle,0.2844,1422,361,1457,460,3465,518
335,33.397,18,Bottle,0.2778,1424,417,1443,462,855,518
336,33.497,18,Cigarette,0.7837,2082,644,2090,648,32,221
336,33.497,18,Bottle,0.3525,2509,547,2555,675,5888,
336,33.497,18,Bottle,0.3331,1419,415,1439,453,760,518
337,33.597,18,Cigarette,0.7042,2083,644,2090,649,35,221
337,33.597,18,Bottle,0.4503,1455,329,1464,369,360,518
338,33.697,18,Cigarette,0.5741,2084,643,2092,648,40,221
338,33.697,18,Bottle,0.2869,1049,182,1075,221,1014,
339,33.797,18,Cigarette,0.3231,2083,642,2091,647,40,221
339,33.797,18,knife,0.2870,2093,604,2128,699,3325,221
339,33.797,18,Bottle,0.2735,2511,561,2556,681,5400,
340,33.897,18,Cigarette,0.3964,2084,642,2090,646,24,221
340,33.897,18,knife,0.3188,2092,603,2129,698,3515,221
341,33.997,18,Cigarette,0.5887,2084,643,2091,647,28,221
341,33.997,18,Cigarette,0.4925,1053,431,1075,455,528,
341,33.997,18,Bottle,0.4493,2513,592,2548,672,2800,
341,33.997,18,Bottle,0.3672,2511,560,2557,683,5658,
342,34.097,18,Cigarette,0.4505,2083,642,2090,647,35,221
342,34.097,18,Bottle,0.2983,2512,603,2547,672,2415,
342,34.097,18,Bottle,0.2666,2511,559,2556,682,5535,
342,34.097,18,Bottle,0.2555,1046,182,1066,221,780,
343,34.197,18,Cigarette,0.5998,2084,643,2090,647,24,221
343,34.197,18,Bottle,0.3445,2512,600,2547,673,2555,
344,34.297,18,Bottle,0.6072,1414,306,1427,352,598,518
344,34.297,18,Cigarette,0.4721,2083,642,2090,647,35,221
344,34.297,18,Bottle,0.3879,1374,302,1417,380,3354,518
344,34.297,18,Bottle,0.2945,2512,605,2546,672,2278,
344,34.297,18,Bottle,0.2562,2511,561,2556,682,5445,
344,34.297,18,knife,0.2527,2091,602,2118,668,1782,221
345,34.397,18,Cigarette,0.6051,2084,642,2091,646,28,221
345,34.397,18,Bottle,0.4289,2511,562,2556,682,5400,
345,34.397,18,Bottle,0.3218,2513,610,2547,673,2142,
346,34.497,18,Cigarette,0.6127,2082,642,2090,646,32,221
346,34.497,18,Bottle,0.3341,2512,605,2547,673,2380,
346,34.497,18,Bottle,0.2927,2511,560,2556,682,5490,
346,34.497,18,knife,0.2742,2091,602,2118,666,1728,221
347,34.597,18,Cigarette,0.4820,2082,642,2091,646,36,221
347,34.597,18,Bottle,0.4121,2511,559,2556,681,5490,
347,34.597,18,Bottle,0.2932,2513,602,2548,673,2485,
347,34.597,18,knife,0.2519,2093,601,2126,682,2673,221
348,34.697,18,Cigarette,0.7032,2079,642,2089,647,50,221
348,34.697,18,Bottle,0.2879,2512,604,2547,674,2450,
348,34.697,18,Bottle,0.2662,2510,558,2556,682,5704,
348,34.697,18,knife,0.2573,2091,603,2119,671,1904,221
349,34.797,18,Cigarette,0.7183,2080,642,2089,647,45,221
349,34.797,18,knife,0.5150,1399,823,1532,1060,31521,
349,34.797,18,Cigarette,0.4922,1501,592,1534,624,1056,
349,34.797,18,Cigarette,0.3675,1411,827,1451,864,1480,
349,34.797,18,Bottle,0.3081,2510,558,2556,681,5658,
349,34.797,18,Bottle,0.2628,2512,603,2547,673,2450,
349,34.797,18,Cigarette,0.2556,1514,822,1535,864,882,
350,34.897,18,Cigarette,0.6546,2079,642,2088,647,45,221
350,34.897,18,Bottle,0.3751,2509,535,2555,675,6440,
351,34.997,18,Cigarette,0.3555,2079,642,2088,647,45,221
351,34.997,18,Bottle,0.3102,2508,533,2554,675,6532,
352,35.097,18,Cigarette,0.3306,2079,642,2088,647,45,221
352,35.097,18,Bottle,0.2952,2511,599,2546,674,2625,
353,35.197,18,Cigarette,0.5455,2083,642,2090,647,35,221
353,35.197,18,Bottle,0.3343,2512,601,2548,672,2556,
354,35.297,18,Cigarette,0.5274,2082,642,2088,647,30,221
354,35.297,18,Bottle,0.2719,785,398,839,484,4644,
355,35.397,18,Cigarette,0.5463,2081,642,2089,647,40,221
355,35.397,18,Bottle,0.3368,2512,611,2547,673,2170,
356,35.497,18,Cigarette,0.5955,2082,641,2090,646,40,221
356,35.497,18,Bottle,0.3965,2512,600,2548,672,2592,
357,35.597,18,Cigarette,0.5823,2082,641,2090,646,40,221
357,35.597,18,Bottle,0.3353,2512,602,2548,673,2556,
358,35.697,18,Bottle,0.4935,2512,589,2548,673,3024,
358,35.697,18,Cigarette,0.3710,2081,641,2090,646,45,221
359,35.797,18,Cigarette,0.3678,2082,640,2089,645,35,221
359,35.797,18,Bottle,0.3337,783,397,840,484,4959,
359,35.797,18,Bottle,0.3156,2511,597,2547,673,2736,
360,35.897,18,Cigarette,0.7024,2079,641,2085,645,24,221
360,35.897,18,knife,0.5033,2091,601,2118,665,1728,221
360,35.897,18,Bottle,0.3779,2512,597,2547,673,2660,
360,35.897,18,Bottle,0.3083,1047,180,1069,221,902,
360,35.897,18,Bottle,0.2914,1302,328,1331,395,1943,518
360,35.897,18,Bottle,0.2635,2512,558,2556,682,5456,
360,35.897,18,knife,0.2573,1344,328,1348,344,64,518
361,35.997,18,knife,0.4825,2092,601,2129,691,3330,221
361,35.997,18,Bottle,0.4027,1300,327,1325,389,1550,518
361,35.997,18,Bottle,0.3224,2512,560,2556,682,5368,
361,35.997,18,Bottle,0.3113,1048,183,1069,222,819,
361,35.997,18,Bottle,0.2661,2513,602,2548,672,2450,
362,36.097,18,knife,0.4394,2095,600,2132,689,3293,221
362,36.097,18,Bottle,0.3773,1048,181,1070,222,902,
362,36.097,18,Bottle,0.3386,1297,311,1320,384,1679,518
362,36.097,18,Bottle,0.2862,2512,600,2548,672,2592,
363,36.197,18,Bottle,0.5326,1306,257,1317,275,198,518
363,36.197,18,Bottle,0.5108,1301,339,1312,366,297,518
363,36.197,18,knife,0.4511,2098,598,2131,693,3135,221
363,36.197,18,Bottle,0.2784,1048,182,1070,221,858,
363,36.197,18,Bottle,0.2688,2512,560,2557,682,5490,
364,36.297,18,Bottle,0.3129,2513,600,2548,672,2520,
364,36.297,18,Bottle,0.2562,2512,559,2557,682,5535,
365,36.397,18,Bottle,0.2915,2512,562,2557,682,5400,
365,36.397,18,Bottle,0.2646,2513,600,2548,672,2520,
365,36.397,18,Bottle,0.2500,1049,182,1070,221,819,
366,36.497,18,Bottle,0.2755,2512,561,2557,682,5445,
367,36.597,18,Bottle,0.3952,1047,180,1070,222,966,
368,36.697,18,Bottle,0.3582,2063,660,2087,735,1800,221
368,36.697,18,Bottle,0.2850,1046,180,1069,222,966,
368,36.697,18,Bottle,0.2802,1359,317,1398,415,3822,
369,36.797,18,Bottle,0.6035,2064,661,2088,736,1800,221
369,36.797,18,Bottle,0.3051,2065,662,2079,688,364,221
369,36.797,18,Bottle,0.2560,2510,550,2554,674,5456,
370,36.897,18,Bottle,0.5768,2064,661,2089,736,1875,221
370,36.897,18,Bottle,0.2528,2066,662,2080,688,364,221
371,36.997,18,Bottle,0.5564,2065,662,2089,735,1752,221
371,36.997,18,Bottle,0.3164,2510,582,2545,673,3185,
371,36.997,18,Bottle,0.2720,2509,530,2555,675,6670,
372,37.097,18,Bottle,0.5255,2065,662,2088,735,1679,221
372,37.097,18,Bottle,0.3296,2510,583,2545,673,3150,
373,37.197,18,Bottle,0.4750,2065,662,2088,735,1679,221
373,37.197,18,Bottle,0.3307,2509,526,2555,674,6808,
373,37.197,18,Bottle,0.3203,2510,583,2545,673,3150,
374,37.297,18,Bottle,0.3883,2065,663,2088,735,1656,221
374,37.297,18,Bottle,0.2900,2510,585,2545,672,3045,
374,37.297,18,Bottle,0.2751,2509,533,2554,675,6390,
375,37.397,18,Bottle,0.2997,2511,587,2546,671,2940,
376,37.497,18,Bottle,0.3083,1243,281,1249,315,204,518
376,37.497,18,Bottle,0.2599,2510,588,2545,671,2905,
378,37.697,18,Bottle,0.3075,1045,186,1064,223,703,
378,37.697,18,Bottle,0.2937,2510,583,2545,671,3080,
379,37.797,18,Bottle,0.3794,2510,585,2546,672,3132,
380,37.897,18,Bottle,0.3694,2510,585,2546,672,3132,
381,37.997,18,Bottle,0.2987,1327,325,1361,390,2210,683
381,37.997,18,knife,0.2797,2097,597,2129,695,3136,221
381,37.997,18,Bottle,0.2564,2511,595,2546,673,2730,
382,38.097,18,knife,0.4023,2097,600,2128,695,2945,221
383,38.197,18,Bottle,0.2558,1047,182,1070,223,943,
384,38.297,18,knife,0.3531,2097,598,2128,694,2976,221
384,38.297,18,Bottle,0.2813,1047,179,1071,223,1056,
385,38.397,18,Cigarette,0.3872,1246,498,1268,515,374,
385,38.397,18,knife,0.3223,2098,598,2127,693,2755,221
386,38.497,18,knife,0.3532,2098,598,2126,692,2632,221
387,38.597,18,knife,0.7490,1329,255,1356,268,351,683
387,38.597,18,knife,0.4558,1301,296,1321,329,660,683
387,38.597,18,Cigarette,0.4185,1342,671,1444,737,6732,
387,38.597,18,knife,0.2973,1293,576,1536,705,31347,
387,38.597,18,Bottle,0.2640,1047,180,1071,223,1032,
388,38.697,18,knife,0.5542,1300,295,1320,326,620,683
388,38.697,18,Bottle,0.4931,1047,180,1070,224,1012,
388,38.697,18,knife,0.4323,1331,255,1353,267,264,683
389,38.797,18,Bottle,0.3865,2509,535,2555,674,6394,
389,38.797,18,knife,0.3093,2093,600,2119,663,1638,221
390,38.897,18,Bottle,0.4511,1044,182,1065,223,861,
390,38.897,18,Bottle,0.3068,2509,520,2555,675,7130,
390,38.897,18,knife,0.2935,2093,600,2119,663,1638,221
391,38.997,18,Cigarette,0.5252,2080,630,2087,633,21,221
392,39.097,18,Cigarette,0.6595,2079,630,2085,633,18,221
392,39.097,18,Cigarette,0.4933,2088,642,2093,648,30,221
393,39.197,18,Cigarette,0.6141,2081,630,2086,633,15,221
393,39.197,18,Cigarette,0.5053,2090,642,2094,650,32,221
393,39.197,18,Bottle,0.2751,2509,529,2554,675,6570,
394,39.297,18,Cigarette,0.6044,2083,644,2088,650,30,221
394,39.297,18,Cigarette,0.5105,2075,631,2081,634,18,221
395,39.397,18,Cigarette,0.5428,2088,643,2094,649,36,221
395,39.397,18,Cigarette,0.4913,2079,630,2085,633,18,221
396,39.497,18,Cigarette,0.6116,2086,643,2091,650,35,221
397,39.597,18,Cigarette,0.3639,2088,642,2094,651,54,221
397,39.597,18,Cigarette,0.2548,1127,405,1145,426,378,
398,39.697,18,Cigarette,0.4775,2087,643,2092,650,35,221
399,39.797,18,Cigarette,0.3603,2087,642,2093,650,48,221
400,39.897,18,Cigarette,0.4433,2080,629,2085,632,15,221
400,39.897,18,Bottle,0.3041,2509,533,2555,675,6532,
400,39.897,18,Cigarette,0.2730,2088,642,2094,651,54,221
401,39.997,18,Bottle,0.5005,2085,642,2092,651,63,221
401,39.997,18,Bottle,0.2552,2507,616,2541,675,2006,
402,40.097,18,Bottle,0.6918,2085,641,2093,650,72,221
402,40.097,18,Bottle,0.2567,2509,529,2555,676,6762,
403,40.197,18,Bottle,0.3514,2510,556,2556,680,5704,
404,40.297,18,Bottle,0.4230,1037,166,1062,226,1500,
405,40.397,18,Bottle,0.4881,1033,162,1061,224,1736,
405,40.397,18,Bottle,0.3141,1063,178,1089,224,1196,
406,40.497,18,Bottle,0.5779,1032,163,1058,224,1586,
406,40.497,18,Bottle,0.3646,916,261,988,397,9792,
410,40.897,18,Bottle,0.2605,2508,593,2544,674,2916,
412,41.097,18,Cigarette,0.3315,1126,392,1147,425,693,
412,41.097,18,Bottle,0.3044,2508,546,2554,674,5888,
412,41.097,18,Cigarette,0.2703,1031,331,1042,343,132,717
413,41.197,18,Cigarette,0.4835,1125,392,1147,425,726,
413,41.197,18,Bottle,0.3934,2508,546,2554,673,5842,
414,41.297,18,Bottle,0.4179,2508,541,2554,673,6072,
414,41.297,18,Cigarette,0.3271,1127,404,1147,426,440,
415,41.397,18,Bottle,0.3651,2508,540,2554,674,6164,
416,41.497,18,Bottle,0.3555,2508,542,2554,674,6072,
417,41.597,18,Cigarette,0.5319,1138,424,1162,451,648,
417,41.597,18,Bottle,0.3686,2508,542,2554,674,6072,
418,41.697,18,knife,0.3238,1208,261,1223,289,420,683
418,41.697,18,Bottle,0.3234,2508,542,2554,674,6072,
419,41.797,18,Bottle,0.3120,2509,545,2554,674,5805,
420,41.897,18,Bottle,0.2994,2509,547,2554,674,5715,
421,41.997,18,Bottle,0.3037,2509,539,2554,674,6075,
422,42.097,18,Cigarette,0.4695,1288,645,1328,683,1520,
422,42.097,18,Bottle,0.3999,2509,546,2554,673,5715,
423,42.197,18,Cigarette,0.5780,1342,694,1391,743,2401,
423,42.197,18,Bottle,0.3432,2509,542,2554,674,5940,
423,42.197,18,Bottle,0.2607,1027,153,1053,213,1560,
424,42.297,18,Cigarette,0.6973,1408,751,1464,820,3864,
425,42.397,18,Cigarette,0.4912,1479,820,1539,887,4020,
430,42.897,18,Bottle,0.4161,2106,680,2121,712,480,221
431,42.997,18,Bottle,0.2547,2508,620,2540,674,1728,
432,43.097,18,Bottle,0.2942,2509,590,2548,675,3315,
435,43.397,18,knife,0.3019,2082,593,2130,688,4560,221
438,43.697,18,Bottle,0.2825,1182,189,1231,311,5978,
440,43.897,18,Cigarette,0.5710,1507,634,1533,661,702,
441,43.997,18,Bottle,0.2592,2089,602,2134,710,4860,
442,44.097,18,Cigarette,0.4307,2087,634,2095,638,32,780
442,44.097,18,Bottle,0.2960,2508,519,2555,676,7379,
443,44.197,18,Cigarette,0.5314,2089,633,2095,637,24,780
443,44.197,18,Bottle,0.2939,1024,147,1047,204,1311,
444,44.297,18,Cigarette,0.5100,2088,633,2095,636,21,780
445,44.397,18,knife,0.5148,2093,596,2129,705,3924,780
446,44.497,18,knife,0.5465,2092,596,2131,701,4095,780
447,44.597,18,knife,0.5272,2093,597,2130,700,3811,780
447,44.597,18,Bottle,0.3060,1857,1289,2068,1352,13293,
447,44.597,18,Bottle,0.3003,2509,543,2554,674,5895,
448,44.697,18,knife,0.5565,2092,596,2128,699,3708,780
448,44.697,18,Bottle,0.3712,1867,1285,2138,1345,16260,
448,44.697,18,Bottle,0.3461,1043,183,1065,221,836,
448,44.697,18,Bottle,0.3365,2509,543,2554,674,5895,
449,44.797,18,knife,0.6462,2094,594,2132,698,3952,780
449,44.797,18,Bottle,0.3605,2509,546,2554,674,5760,
449,44.797,18,Bottle,0.2634,1019,141,1043,198,1368,
450,44.897,18,knife,0.6550,2095,592,2132,698,3922,780
450,44.897,18,Bottle,0.3530,1046,184,1067,220,756,
450,44.897,18,Bottle,0.2784,2512,590,2548,674,3024,
451,44.997,18,knife,0.3234,2095,591,2124,691,2900,780
451,44.997,18,Bottle,0.3043,1046,185,1065,221,684,
451,44.997,18,Bottle,0.3035,2510,563,2556,682,5474,
452,45.097,18,Bottle,0.3254,1045,185,1065,221,720,
452,45.097,18,knife,0.3110,2095,590,2125,695,3150,780
452,45.097,18,Bottle,0.2911,2509,558,2556,681,5781,
453,45.197,18,Bottle,0.3580,1045,184,1065,221,740,
453,45.197,18,Bottle,0.2619,2509,558,2556,681,5781,
453,45.197,18,knife,0.2545,2093,589,2126,696,3531,780
454,45.297,18,knife,0.8200,1347,1219,1474,1405,23622,785
454,45.297,18,knife,0.6907,2089,586,2129,689,4120,780
454,45.297,18,Bottle,0.3766,2508,544,2555,675,6157,
454,45.297,18,Bottle,0.2537,1044,185,1066,222,814,
455,45.397,18,Cigarette,0.7828,1322,1368,1332,1381,130,785
455,45.397,18,knife,0.6847,1326,1227,1413,1395,14616,785
455,45.397,18,Bottle,0.3368,2508,546,2555,675,6063,
455,45.397,18,knife,0.2669,2086,587,2123,687,3700,780
456,45.497,18,Cigarette,0.6283,1321,1367,1331,1379,120,785
456,45.497,18,Bottle,0.3851,2508,534,2555,675,6627,
456,45.497,18,Bottle,0.3189,1009,142,1033,194,1248,
457,45.597,18,knife,0.7229,2076,585,2126,690,5250,780
457,45.597,18,Cigarette,0.3333,1307,1362,1327,1374,240,785
457,45.597,18,Bottle,0.3134,2509,545,2555,676,6026,
457,45.597,18,Bottle,0.2563,1010,141,1033,191,1150,
458,45.697,18,knife,0.4048,2072,588,2118,688,4600,780
458,45.697,18,Cigarette,0.2715,2029,714,2036,721,49,780
459,45.797,18,knife,0.3847,2076,592,2118,685,3906,780
459,45.797,18,Bottle,0.2507,1006,140,1030,190,1200,
460,45.897,18,Cigarette,0.6857,2025,713,2031,720,42,780
460,45.897,18,Bottle,0.3540,2510,546,2554,675,5676,
461,45.997,18,knife,0.5111,1155,1194,1339,1407,39192,785
462,46.097,18,knife,0.2785,1164,1212,1389,1327,25875,785
463,46.197,18,Cigarette,0.4833,1403,993,1411,1011,144,785
463,46.197,18,Bottle,0.2754,1004,138,1027,185,1081,
464,46.297,18,knife,0.4401,1300,1230,1437,1362,18084,810
464,46.297,18,Bottle,0.2715,2513,603,2548,671,2380,
465,46.397,18,knife,0.5061,1213,783,1321,1101,34344,785
465,46.397,18,knife,0.4801,1221,940,1295,1089,11026,785
465,46.397,18,Bottle,0.3085,1325,782,1385,869,5220,785
466,46.497,18,knife,0.5971,1209,774,1352,1096,46046,785
466,46.497,18,Bottle,0.3361,2513,601,2547,672,2414,
466,46.497,18,Bottle,0.2723,1291,773,1368,864,7007,785
466,46.497,18,Bottle,0.2519,2512,555,2557,682,5715,
467,46.597,18,knife,0.6538,1200,753,1357,1097,54008,785
467,46.597,18,knife,0.5104,1198,910,1261,1063,9639,785
467,46.597,18,Bottle,0.2507,2513,603,2547,672,2346,
468,46.697,18,Bottle,0.4194,1859,1289,2111,1353,16128,
469,46.797,18,knife,0.3389,2064,583,2103,689,4134,780
470,46.897,18,knife,0.4046,2064,584,2108,687,4532,780
471,46.997,18,knife,0.3167,2066,584,2108,685,4242,780
471,46.997,18,Cigarette,0.2511,2025,717,2030,723,30,780
472,47.097,18,Cigarette,0.4126,2025,717,2031,724,42,780
472,47.097,18,knife,0.3587,2066,585,2109,686,4343,780
473,47.197,18,knife,0.4698,1357,898,1402,1037,6255,810
473,47.197,18,knife,0.3308,2066,584,2109,684,4300,780
474,47.297,18,knife,0.5853,1350,755,1398,1032,13296,
474,47.297,18,knife,0.4360,1353,880,1396,1021,6063,
475,47.397,18,knife,0.5562,1343,863,1385,1006,6006,810
475,47.397,18,Bottle,0.3254,1857,1289,2045,1364,14100,
475,47.397,18,knife,0.2555,2070,584,2116,686,4692,780
476,47.497,18,Cigarette,0.3488,1230,670,1238,689,152,785
476,47.497,18,Bottle,0.2564,2510,548,2557,684,6392,
477,47.597,18,knife,0.2669,1129,636,1247,907,31978,785
481,47.997,18,knife,0.5290,2082,587,2121,690,4017,780
482,48.097,18,knife,0.5077,2082,588,2122,691,4120,780
483,48.197,18,knife,0.3945,2089,590,2126,693,3811,780
484,48.297,18,Cigarette,0.4855,1098,951,1104,961,60,785
484,48.297,18,knife,0.3000,2088,589,2125,691,3774,780
485,48.397,18,knife,0.5147,2089,590,2125,694,3744,780
486,48.497,18,knife,0.5868,1018,837,1179,959,19642,785
486,48.497,18,knife,0.3843,2090,591,2127,695,3848,780
486,48.497,18,knife,0.2681,978,794,1195,976,39494,785
487,48.597,18,knife,0.3361,2090,591,2126,699,3888,780
488,48.697,18,Cigarette,0.5430,1274,566,1294,591,500,
488,48.697,18,knife,0.5098,2088,592,2128,701,4360,780
490,48.897,18,knife,0.2822,2092,594,2128,702,3888,780
491,48.997,18,knife,0.5285,2091,593,2131,696,4120,780
492,49.097,18,knife,0.4290,2092,595,2130,698,3914,780
493,49.197,18,knife,0.3483,2093,594,2130,700,3922,780
494,49.297,18,knife,0.5950,1165,644,1193,740,2688,810
494,49.297,18,knife,0.4618,2090,594,2130,701,4280,780
495,49.397,18,knife,0.7787,1158,640,1189,743,3193,810
495,49.397,18,knife,0.4718,2091,593,2131,703,4400,780
496,49.497,18,knife,0.4139,1154,634,1180,738,2704,810
496,49.497,18,knife,0.4078,2091,594,2131,702,4320,780
497,49.597,18,knife,0.5506,2092,591,2130,697,4028,780
497,49.597,18,Bottle,0.3701,1000,162,1028,237,2100,
497,49.597,18,Bottle,0.3503,2114,678,2127,702,312,780
497,49.597,18,knife,0.2505,1148,620,1175,720,2700,810
498,49.697,18,knife,0.5263,2093,593,2131,697,3952,780
498,49.697,18,Bottle,0.3827,997,159,1026,234,2175,
498,49.697,18,knife,0.2619,1096,696,1105,748,468,810
499,49.797,18,knife,0.4108,2092,592,2130,699,4066,780
499,49.797,18,Bottle,0.3972,998,160,1025,224,1728,
499,49.797,18,Cigarette,0.3867,2084,626,2089,631,25,780
500,49.897,18,knife,0.3994,2093,591,2129,696,3780,780
500,49.897,18,Bottle,0.3310,995,158,1018,227,1587,
502,50.097,18,Bottle,0.2640,2510,578,2548,674,3648,
503,50.197,18,knife,0.2542,2088,588,2124,693,3780,780
504,50.297,18,knife,0.3654,2083,585,2126,688,4429,780
505,50.397,18,knife,0.4690,1111,562,1140,652,2610,810
506,50.497,18,knife,0.5893,1106,554,1140,648,3196,810
507,50.597,18,knife,0.3065,1104,542,1138,644,3468,810
510,50.897,18,knife,0.6121,886,577,987,675,9898,
510,50.897,18,knife,0.3415,973,565,1000,681,3132,785
511,50.997,18,knife,0.3651,2066,581,2107,688,4387,780
512,51.097,18,knife,0.3723,2065,581,2106,688,4387,780
513,51.197,18,Bottle,0.6447,1157,224,1187,286,1860,
513,51.197,18,knife,0.3953,2065,581,2107,689,4536,780
514,51.297,18,Bottle,0.7509,1156,223,1186,287,1920,
514,51.297,18,knife,0.4875,2068,581,2109,691,4510,780
515,51.397,18,Bottle,0.6531,1155,225,1186,287,1922,
515,51.397,18,knife,0.4561,1072,493,1099,581,2376,810
515,51.397,18,knife,0.3545,2068,581,2108,690,4360,780
516,51.497,18,Bottle,0.6262,1155,224,1185,286,1860,
516,51.497,18,knife,0.5184,1066,487,1094,579,2576,810
516,51.497,18,knife,0.3558,2069,580,2110,688,4428,780
517,51.597,18,Bottle,0.3157,1155,223,1185,286,1890,
518,51.697,18,knife,0.5766,1059,473,1085,561,2288,810
518,51.697,18,Bottle,0.5443,1154,223,1183,285,1798,
518,51.697,18,knife,0.3366,2071,584,2115,679,4180,780
519,51.797,18,Bottle,0.4912,1153,223,1182,285,1798,
519,51.797,18,knife,0.2850,2069,584,2108,685,3939,780
520,51.897,18,knife,0.5428,2064,586,2104,695,4360,780
520,51.897,18,Bottle,0.4216,1153,226,1182,285,1711,
521,51.997,18,Cigarette,0.6910,2509,975,2516,986,77,911
521,51.997,18,knife,0.4929,2072,584,2110,693,4142,780
522,52.097,18,knife,0.4374,2072,586,2108,698,4032,780
522,52.097,18,Cigarette,0.4116,2510,975,2517,985,70,911
523,52.197,18,knife,0.3172,2073,588,2107,700,3808,780
525,52.397,18,Cigarette,0.2712,1029,489,1043,510,294,810
526,52.497,18,Cigarette,0.4605,1024,450,1043,502,988,810
527,52.597,18,Cigarette,0.4017,1024,452,1040,486,544,810
528,52.697,18,Cigarette,0.3905,1024,443,1036,484,492,810
528,52.697,18,knife,0.2843,961,369,988,375,162,785
529,52.797,18,Cigarette,0.6294,2349,773,2355,777,24,934
529,52.797,18,knife,0.4859,978,503,986,528,200,810
530,52.897,18,knife,0.3911,954,432,965,491,649,785
530,52.897,18,Cigarette,0.2652,1024,451,1033,479,252,810
531,52.997,18,knife,0.4032,1024,1210,1070,1340,5980,
532,53.097,18,Bottle,0.3750,783,393,831,481,4224,
532,53.097,18,knife,0.3562,1024,1211,1069,1340,5805,
532,53.097,18,Bottle,0.3539,1036,155,1065,219,1856,
533,53.197,18,Cigarette,0.5444,2345,875,2350,884,45,934
533,53.197,18,Bottle,0.5147,783,393,831,481,4224,
533,53.197,18,Bottle,0.3801,1037,156,1065,219,1764,
533,53.197,18,knife,0.3229,1024,1210,1064,1351,5640,
534,53.297,18,Bottle,0.5463,783,393,830,480,4089,
534,53.297,18,Bottle,0.5304,1037,154,1066,220,1914,
534,53.297,18,knife,0.3284,1024,1210,1065,1351,5781,
535,53.397,18,knife,0.3286,1024,1210,1064,1352,5680,
535,53.397,18,Bottle,0.2965,1037,177,1064,220,1161,
536,53.497,18,Cigarette,0.5044,2304,908,2308,916,32,934
536,53.497,18,Bottle,0.3964,1038,162,1064,220,1508,
536,53.497,18,knife,0.3187,1024,1210,1062,1357,5586,
537,53.597,18,Cigarette,0.4573,2299,855,2303,862,28,934
537,53.597,18,Cigarette,0.4029,2280,886,2292,897,132,934
537,53.597,18,knife,0.3493,1024,1210,1065,1352,5822,
537,53.597,18,knife,0.2532,999,373,1005,408,210,810
538,53.697,18,knife,0.4651,989,394,1005,444,800,810
538,53.697,18,knife,0.3298,1024,1210,1064,1353,5720,
538,53.697,18,knife,0.2678,999,372,1005,408,216,810
539,53.797,18,knife,0.3227,1024,1210,1064,1353,5720,
539,53.797,18,Bottle,0.2659,1038,171,1064,220,1274,
540,53.897,18,Bottle,0.4246,1037,161,1064,220,1593,
540,53.897,18,knife,0.3071,1024,1209,1065,1345,5576,
541,53.997,18,Bottle,0.3456,1037,165,1065,221,1568,
541,53.997,18,Bottle,0.3271,997,140,1025,201,1708,
541,53.997,18,Bottle,0.2930,1035,181,1057,219,836,
541,53.997,18,knife,0.2785,1024,1210,1063,1340,5070,
542,54.097,18,knife,0.6331,2152,880,2159,908,196,934
542,54.097,18,knife,0.2771,1024,1210,1064,1340,5200,
543,54.197,18,knife,0.3110,929,355,938,359,36,785
543,54.197,18,Bottle,0.3009,2071,592,2096,646,1350,780
543,54.197,18,knife,0.2991,1024,1210,1063,1339,5031,
543,54.197,18,Bottle,0.2528,1036,177,1061,220,1075,
544,54.297,18,knife,0.2970,1024,1210,1063,1338,4992,
544,54.297,18,Bottle,0.2669,2072,591,2096,646,1320,780
544,54.297,18,Cigarette,0.2505,816,363,879,385,1386,
545,54.397,18,Bottle,0.3947,2072,589,2096,644,1320,780
545,54.397,18,knife,0.3116,1024,1211,1062,1338,4826,
546,54.497,18,knife,0.3885,985,371,990,399,140,810
546,54.497,18,knife,0.3415,1024,1211,1060,1338,4572,
546,54.497,18,Bottle,0.3407,2071,587,2096,642,1375,780
547,54.597,18,Bottle,0.4556,991,133,1016,195,1550,
547,54.597,18,knife,0.4478,930,319,937,337,126,785
547,54.597,18,knife,0.3765,1024,1211,1059,1336,4375,
548,54.697,18,Cigarette,0.4872,2026,719,2031,727,40,780
548,54.697,18,knife,0.4133,1024,1211,1059,1335,4340,
549,54.797,18,knife,0.4049,1024,1211,1056,1335,3968,
550,54.897,18,Cigarette,0.6937,2025,720,2032,727,49,780
550,54.897,18,Bottle,0.4186,989,137,1012,195,1334,
550,54.897,18,knife,0.3811,1024,1210,1056,1336,4032,
550,54.897,18,Bottle,0.3261,1045,161,1069,219,1392,
551,54.997,18,Cigarette,0.7468,2023,720,2032,729,81,780
551,54.997,18,Bottle,0.5532,1045,147,1073,219,2016,
551,54.997,18,knife,0.3451,1024,1211,1054,1336,3750,
552,55.097,18,Cigarette,0.7309,2024,722,2031,729,49,780
552,55.097,18,Bottle,0.4548,1043,155,1071,218,1764,
552,55.097,18,knife,0.3334,1024,1212,1054,1337,3750,
552,55.097,18,knife,0.2925,969,371,971,399,56,810
553,55.197,18,Cigarette,0.7339,2025,721,2032,729,56,780
553,55.197,18,Bottle,0.4455,1042,152,1070,218,1848,
553,55.197,18,knife,0.3452,1024,1212,1054,1338,3780,
554,55.297,18,Cigarette,0.8009,2025,721,2031,728,42,780
554,55.297,18,knife,0.3362,1024,1212,1054,1337,3750,
554,55.297,18,Bottle,0.3206,1041,151,1071,218,2010,
555,55.397,18,Cigarette,0.4290,2026,721,2033,729,56,780
555,55.397,18,knife,0.3335,1024,1212,1054,1338,3780,
555,55.397,18,Bottle,0.2897,1045,142,1074,217,2175,
556,55.497,18,Cigarette,0.6679,2027,720,2034,728,56,780
556,55.497,18,Bottle,0.5303,1046,148,1074,217,1932,
556,55.497,18,knife,0.3408,1024,1212,1054,1339,3810,
557,55.597,18,Bottle,0.7672,1043,143,1073,217,2220,
557,55.597,18,Bottle,0.4256,981,134,1005,183,1176,
557,55.597,18,Bottle,0.4072,2076,587,2100,643,1344,780
557,55.597,18,knife,0.3391,1024,1212,1053,1338,3654,
558,55.697,18,Bottle,0.7648,1041,140,1073,216,2432,
558,55.697,18,Cigarette,0.6966,2025,720,2032,727,49,780
558,55.697,18,knife,0.3536,1024,1212,1053,1335,3567,
558,55.697,18,knife,0.3472,2077,585,2111,679,3196,780
558,55.697,18,Bottle,0.2753,2074,585,2099,641,1400,780
559,55.797,18,Bottle,0.7554,1039,142,1072,215,2409,
559,55.797,18,Bottle,0.5891,2070,586,2099,643,1653,780
559,55.797,18,Cigarette,0.5379,2025,720,2032,727,49,780
559,55.797,18,knife,0.4785,2052,802,2075,822,460,780
559,55.797,18,knife,0.3645,1024,1212,1053,1334,3538,
560,55.897,18,Cigarette,0.8223,2024,719,2032,728,72,780
560,55.897,18,Bottle,0.7323,1037,140,1070,214,2442,
560,55.897,18,Bottle,0.4657,2070,586,2098,642,1568,780
560,55.897,18,knife,0.3444,1024,1212,1051,1333,3267,
561,55.997,18,Cigarette,0.8073,2025,720,2032,727,49,780
561,55.997,18,Bottle,0.4283,1033,155,1062,215,1740,
561,55.997,18,knife,0.3314,1024,1211,1052,1335,3472,
561,55.997,18,Bottle,0.2728,2067,588,2095,640,1456,780
562,56.097,18,Cigarette,0.7984,2023,720,2031,728,64,780
562,56.097,18,knife,0.3297,1024,1211,1052,1336,3500,
563,56.197,18,Cigarette,0.8177,2024,720,2031,728,56,780
563,56.197,18,knife,0.3620,1024,1210,1054,1337,3810,
563,56.197,18,Bottle,0.2776,1031,148,1058,213,1755,
564,56.297,18,Cigarette,0.7930,2024,719,2031,727,56,780
564,56.297,18,Bottle,0.3475,2069,586,2096,645,1593,780
564,56.297,18,knife,0.3229,1024,1210,1052,1333,3444,
565,56.397,18,Bottle,0.5858,1024,142,1053,210,1972,
565,56.397,18,knife,0.3461,1024,1211,1054,1336,3750,
566,56.497,18,Bottle,0.4994,1024,143,1053,210,1943,
566,56.497,18,knife,0.3615,1024,1211,1054,1335,3720,
566,56.497,18,knife,0.3211,2075,587,2111,692,3780,780
566,56.497,18,Bottle,0.2939,1347,294,1392,363,3105,
567,56.597,18,Cigarette,0.7619,2025,720,2031,728,48,780
567,56.597,18,Bottle,0.5306,1029,144,1052,208,1472,
567,56.597,18,knife,0.5243,2075,586,2117,690,4368,780
567,56.597,18,Bottle,0.4849,1011,155,1034,209,1242,
567,56.597,18,knife,0.3665,1024,1211,1054,1334,3690,
567,56.597,18,Cigarette,0.2859,2091,628,2094,634,18,780
568,56.697,18,Cigarette,0.7871,2025,720,2033,727,56,780
568,56.697,18,Bottle,0.4014,1032,146,1053,207,1281,
568,56.697,18,knife,0.3489,1024,1210,1057,1339,4257,
568,56.697,18,Bottle,0.3392,1008,153,1034,204,1326,
569,56.797,18,Cigarette,0.6929,2025,719,2032,727,56,780
569,56.797,18,Bottle,0.5874,1004,148,1028,200,1248,
569,56.797,18,knife,0.3590,1024,1210,1055,1335,3875,
569,56.797,18,knife,0.2595,2077,587,2120,690,4429,780
570,56.897,18,Cigarette,0.7497,2029,720,2035,727,42,780
570,56.897,18,knife,0.4360,1024,1208,1065,1333,5125,
570,56.897,18,Bottle,0.3694,1004,150,1027,201,1173,
571,56.997,18,Cigarette,0.7857,2028,720,2035,728,56,780
571,56.997,18,Bottle,0.2862,1015,154,1040,201,1175,
571,56.997,18,knife,0.2699,1024,1211,1056,1338,4064,
572,57.097,18,knife,0.2754,1024,1210,1057,1339,4257,
573,57.197,18,Cigarette,0.6924,2032,719,2037,725,30,780
573,57.197,18,knife,0.2942,1024,1210,1058,1340,4420,
574,57.297,18,Cigarette,0.7332,2028,719,2036,726,56,780
574,57.297,18,knife,0.3141,1024,1211,1058,1342,4454,
575,57.397,18,Cigarette,0.6896,2028,719,2036,726,56,780
576,57.497,18,Cigarette,0.7998,2028,719,2036,726,56,780
577,57.597,18,Cigarette,0.7560,2028,719,2037,726,63,780
577,57.597,18,Bottle,0.2780,989,155,1011,191,792,
577,57.597,18,knife,0.2676,1777,665,1801,681,384,872
578,57.697,18,Cigarette,0.7666,2028,719,2036,726,56,780
579,57.797,18,Cigarette,0.7705,2028,719,2036,726,56,780
579,57.797,18,Cigarette,0.2829,2028,711,2038,727,160,780
579,57.797,18,Bottle,0.2736,971,134,995,185,1224,
580,57.897,18,Cigarette,0.6840,2029,720,2037,726,48,780
581,57.997,18,Cigarette,0.7341,2030,720,2037,727,49,780
581,57.997,18,knife,0.3190,2085,587,2128,692,4515,780
582,58.097,18,knife,0.3235,2048,589,2104,705,6496,780
583,58.197,18,knife,0.3524,2084,586,2129,702,5220,780
584,58.297,18,Cigarette,0.6296,2031,720,2038,727,49,780
584,58.297,18,knife,0.4315,2086,587,2128,699,4704,780
585,58.397,18,Cigarette,0.5559,2031,721,2037,727,36,780
585,58.397,18,knife,0.3764,2085,587,2126,699,4592,780
586,58.497,18,Cigarette,0.5291,2031,721,2037,727,36,780
586,58.497,18,knife,0.4131,2085,587,2127,699,4704,780
587,58.597,18,Cigarette,0.6900,2031,721,2037,727,36,780
587,58.597,18,knife,0.4470,1705,496,1715,531,350,872
588,58.697,18,Cigarette,0.5586,2031,720,2038,727,49,780
589,58.797,18,knife,0.4785,1682,466,1701,472,114,872
589,58.797,18,Cigarette,0.3197,2030,719,2039,728,81,780
590,58.897,18,Bottle,0.5029,2006,800,2025,824,456,780
590,58.897,18,Cigarette,0.4330,2030,720,2037,727,49,780
591,58.997,18,Cigarette,0.7819,2029,720,2037,727,56,780
592,59.097,18,Cigarette,0.7618,2029,720,2037,727,56,780
593,59.197,18,Cigarette,0.7041,2029,720,2037,727,56,780
594,59.297,18,Cigarette,0.6763,2029,720,2037,727,56,780
595,59.397,18,Cigarette,0.4807,2028,720,2036,726,48,780
596,59.497,18,Cigarette,0.3917,2028,720,2035,726,42,780
597,59.597,18,knife,0.3097,2038,590,2101,709,7497,
598,59.697,18,knife,0.4148,2079,586,2130,722,6936,
598,59.697,18,knife,0.3985,2078,675,2129,726,2601,
599,59.797,18,knife,0.6288,2081,586,2131,715,6450,780
600,59.897,18,Cigarette,0.7885,2029,721,2036,728,49,780
600,59.897,18,Bottle,0.5581,840,216,865,246,750,1020
600,59.897,18,knife,0.5430,2080,587,2130,710,6150,780
600,59.897,18,knife,0.3116,2055,774,2108,842,3604,780
601,59.997,18,Cigarette,0.7127,2029,721,2036,728,49,780
601,59.997,18,knife,0.4854,2055,776,2106,836,3060,780
602,60.097,18,Cigarette,0.7190,2029,721,2036,728,49,780
602,60.097,18,knife,0.3078,2055,776,2107,837,3172,780
603,60.197,18,Cigarette,0.5488,2029,721,2036,728,49,780
603,60.197,18,knife,0.3153,2055,777,2106,836,3009,780
604,60.297,18,Cigarette,0.5641,2030,721,2036,728,42,780
605,60.397,18,Cigarette,0.6901,2030,722,2037,728,42,780
605,60.397,18,knife,0.2737,1474,576,1534,658,4920,
606,60.497,18,Cigarette,0.3207,2029,721,2037,726,40,780
608,60.697,18,knife,0.3933,2086,586,2128,707,5082,780
608,60.697,18,Bottle,0.2806,1554,468,1589,541,2555,872
609,60.797,18,knife,0.4764,2086,586,2130,706,5280,780
609,60.797,18,Bottle,0.2738,1564,483,1587,544,1403,872
610,60.897,18,knife,0.3883,2084,586,2130,709,5658,780
611,60.997,18,Cigarette,0.2716,1063,478,1082,503,475,
612,61.097,18,knife,0.2766,2080,683,2131,722,1989,780
613,61.197,18,Bottle,0.3621,2009,689,2036,701,324,780
613,61.197,18,knife,0.2819,2081,683,2131,723,2000,780
613,61.197,18,Cigarette,0.2575,1098,523,1119,547,504,
614,61.297,18,Cigarette,0.8790,1143,481,1157,496,210,1104
614,61.297,18,knife,0.3311,2082,683,2131,722,1911,780
614,61.297,18,Cigarette,0.2521,1171,529,1186,545,240,1104
615,61.397,18,knife,0.2772,2082,683,2131,722,1911,780
616,61.497,18,knife,0.2533,2081,683,2131,722,1950,780
617,61.597,18,Cigarette,0.3789,1304,492,1333,527,1015,
618,61.697,18,Cigarette,0.7217,1344,524,1380,564,1440,
619,61.797,18,Cigarette,0.7792,1396,566,1435,606,1560,
619,61.797,18,knife,0.2537,2081,684,2131,722,1900,780
620,61.897,18,Cigarette,0.7902,1478,794,1529,853,3009,
620,61.897,18,Cigarette,0.7400,1454,611,1495,654,1763,
621,61.997,18,Cigarette,0.5236,1521,668,1569,718,2400,
622,62.097,18,Cigarette,0.4572,2026,715,2033,722,49,780
622,62.097,18,Cigarette,0.4068,1599,735,1655,795,3360,
626,62.497,18,Bottle,0.4654,1861,1289,2136,1383,25850,
627,62.597,18,Cigarette,0.5805,2026,712,2034,719,56,780
635,63.397,18,Bottle,0.4707,1010,174,1041,237,1953,
636,63.497,18,Bottle,0.3254,1008,174,1034,234,1560,
637,63.597,18,Bottle,0.2680,2045,644,2056,672,308,780
638,63.697,18,Bottle,0.3400,2048,635,2062,675,560,780
640,63.897,18,Cigarette,0.3800,1446,387,1448,392,10,872
641,63.997,18,Cigarette,0.4188,1458,748,1499,800,2132,
641,63.997,18,Cigarette,0.3241,1453,725,1535,880,12710,
641,63.997,18,Cigarette,0.2669,1454,735,1531,815,6160,
643,64.197,18,knife,0.2622,2083,589,2125,713,5208,780
644,64.297,18,knife,0.5894,2034,790,2047,821,403,780
644,64.297,18,knife,0.3335,2083,589,2126,717,5504,780
645,64.397,18,knife,0.5091,2035,793,2047,820,324,780
646,64.497,18,Cigarette,0.3767,1323,493,1355,521,896,
646,64.497,18,knife,0.3320,2084,589,2127,713,5332,780
647,64.597,18,knife,0.5859,2086,591,2126,705,4560,780
647,64.597,18,Bottle,0.3618,756,266,773,306,680,
647,64.597,18,knife,0.2904,2036,799,2048,819,240,780
648,64.697,18,Cigarette,0.5715,1391,545,1422,580,1085,
648,64.697,18,knife,0.4239,2086,593,2127,706,4633,780
648,64.697,18,Bottle,0.4158,756,267,775,305,722,
648,64.697,18,knife,0.3481,2037,799,2049,819,240,780
649,64.797,18,Cigarette,0.7636,1430,578,1462,615,1184,
649,64.797,18,knife,0.4569,2087,594,2127,706,4480,780
649,64.797,18,Bottle,0.4211,756,264,773,306,714,
649,64.797,18,Cigarette,0.2549,1246,627,1281,663,1260,
650,64.897,18,Cigarette,0.7836,1473,617,1508,654,1295,
650,64.897,18,knife,0.4701,2088,595,2127,704,4251,780
651,64.997,18,knife,0.3580,2089,596,2126,707,4107,780
651,64.997,18,Cigarette,0.3092,1525,662,1558,696,1122,
652,65.097,18,Cigarette,0.5042,1575,707,1616,746,1599,
652,65.097,18,knife,0.3711,2089,596,2126,707,4107,780
653,65.197,18,Cigarette,0.6648,1636,758,1677,801,1763,
653,65.197,18,knife,0.5065,2088,595,2126,704,4142,780
653,65.197,18,knife,0.3088,1406,830,1678,914,22848,
654,65.297,18,Cigarette,0.5479,1705,819,1755,863,2200,
654,65.297,18,knife,0.5253,2089,595,2127,705,4180,780
654,65.297,18,knife,0.3302,1455,883,1536,1044,13041,
654,65.297,18,Bottle,0.2693,1153,216,1181,281,1820,
655,65.397,18,knife,0.4168,2090,594,2129,708,4446,780
656,65.497,18,knife,0.5893,2090,594,2129,703,4251,780
656,65.497,18,Cigarette,0.2993,1867,965,1926,1017,3068,
657,65.597,18,knife,0.5953,2091,593,2132,707,4674,780
658,65.697,18,knife,0.4381,2090,592,2127,707,4255,780
659,65.797,18,knife,0.4431,2090,593,2128,710,4446,780
660,65.897,18,knife,0.3152,2090,593,2128,709,4408,
662,66.097,18,knife,0.4276,2089,592,2128,709,4563,780
663,66.197,18,knife,0.3793,2091,592,2128,703,4107,780
664,66.297,18,knife,0.4882,2090,593,2128,700,4066,780
665,66.397,18,knife,0.4591,2093,595,2124,689,2914,780
666,66.497,18,knife,0.4807,2092,595,2125,690,3135,780
667,66.597,18,knife,0.5082,2094,595,2128,694,3366,780
668,66.697,18,knife,0.5046,2092,594,2125,688,3102,780
669,66.797,18,knife,0.4984,2092,594,2122,683,2670,780
670,66.897,18,knife,0.4433,2091,594,2122,685,2821,780
670,66.897,18,Cigarette,0.4008,1026,370,1040,396,364,
670,66.897,18,Cigarette,0.2657,2081,621,2089,626,40,780
671,66.997,18,knife,0.3070,2091,593,2126,703,3850,780
672,67.097,18,knife,0.5556,2090,593,2130,701,4320,780
673,67.197,18,knife,0.5569,2088,591,2127,703,4368,780
674,67.297,18,knife,0.3393,1024,1208,1070,1365,7222,
675,67.397,18,knife,0.3630,1024,1209,1069,1366,7065,
676,67.497,18,knife,0.3499,1024,1209,1069,1365,7020,
676,67.497,18,Bottle,0.2721,753,265,773,307,840,
677,67.597,18,Bottle,0.4379,2073,627,2086,639,156,780
677,67.597,18,knife,0.3088,1024,1209,1067,1372,7009,
679,67.797,18,knife,0.2713,2086,592,2121,697,3675,780
681,67.997,18,Cigarette,0.3175,1210,513,1233,578,1495,
681,67.997,18,knife,0.2583,1024,1211,1070,1342,6026,
682,68.097,18,Bottle,0.6954,774,149,784,160,110,810
682,68.097,18,knife,0.2625,1024,1211,1069,1338,5715,
683,68.197,18,knife,0.2649,1024,1211,1070,1340,5934,
684,68.297,18,knife,0.2561,1024,1212,1069,1338,5670,
689,68.797,18,knife,0.3555,1937,576,1996,722,8614,
692,69.097,18,Cigarette,0.3306,1044,554,1099,604,2750,
692,69.097,18,Cigarette,0.2565,2012,708,2018,715,42,780
694,69.297,18,Cigarette,0.4144,1510,888,1535,937,1225,
694,69.297,18,Cigarette,0.2946,1315,826,1352,863,1369,
695,69.397,18,knife,0.2637,1032,628,1147,833,23575,1220
699,69.797,18,Cigarette,0.3815,1249,604,1307,649,2610,1220
699,69.797,18,Cigarette,0.3238,1335,836,1355,862,520,1220
699,69.797,18,knife,0.3016,1199,933,1231,979,1472,1220
700,69.897,18,Cigarette,0.3100,1681,1312,1740,1394,4838,
703,70.197,18,knife,0.3685,2071,664,2105,702,1292,780
704,70.297,18,knife,0.4735,2071,664,2107,702,1368,780
704,70.297,18,Bottle,0.2803,1193,274,1218,321,1175,
705,70.397,18,Cigarette,0.4834,1806,1409,1831,1440,775,
705,70.397,18,knife,0.3260,2052,580,2105,702,6466,780
705,70.397,18,knife,0.2971,1024,1210,1061,1342,4884,
706,70.497,18,knife,0.4862,2052,579,2108,697,6608,780
707,70.597,18,Bottle,0.4446,1150,235,1175,283,1200,
707,70.597,18,knife,0.2688,2057,582,2111,702,6480,780
707,70.597,18,Bottle,0.2679,1180,275,1196,314,624,872
707,70.597,18,knife,0.2617,1024,1211,1060,1342,4716,
708,70.697,18,knife,0.2603,1024,1210,1060,1343,4788,
709,70.797,18,knife,0.2597,1024,1209,1060,1342,4788,
710,70.897,18,Bottle,0.3394,1030,188,1071,272,3444,
710,70.897,18,knife,0.2514,1024,1209,1060,1341,4752,
711,70.997,18,knife,0.3335,2087,588,2128,705,4797,780
712,71.097,18,Cigarette,0.2943,1245,576,1279,588,408,
713,71.197,18,knife,0.3081,2093,596,2129,710,4104,780
713,71.197,18,knife,0.2804,1024,1211,1055,1338,3937,
713,71.197,18,Cigarette,0.2690,1032,517,1049,536,323,
714,71.297,18,Bottle,0.3150,741,242,765,308,1584,
714,71.297,18,knife,0.2921,1024,1210,1056,1340,4160,
715,71.397,18,Cigarette,0.7084,1066,565,1086,587,440,
715,71.397,18,Bottle,0.3099,741,242,763,307,1430,
715,71.397,18,knife,0.2930,1024,1210,1056,1340,4160,
716,71.497,18,Cigarette,0.5811,1088,595,1107,616,399,
716,71.497,18,knife,0.2785,1024,1210,1056,1339,4128,
717,71.597,18,Cigarette,0.3907,1110,627,1132,650,506,
717,71.597,18,knife,0.2545,1024,1211,1055,1339,3968,
718,71.697,18,Cigarette,0.5534,1133,657,1156,684,621,
718,71.697,18,knife,0.2606,1024,1211,1055,1339,3968,
719,71.797,18,Cigarette,0.6074,1159,696,1189,728,960,
722,72.097,18,knife,0.2697,1024,1213,1053,1332,3451,
723,72.197,18,knife,0.5013,1931,576,1990,738,9558,
723,72.197,18,Bottle,0.3493,850,176,875,229,1325,
723,72.197,18,knife,0.2917,1024,1213,1053,1333,3480,
724,72.297,18,knife,0.5051,1931,576,1990,738,9558,
724,72.297,18,knife,0.3327,1024,1213,1054,1332,3570,
725,72.397,18,knife,0.4768,1930,576,1990,738,9720,
725,72.397,18,knife,0.3019,1024,1213,1054,1332,3570,
726,72.497,18,knife,0.6151,1929,576,1990,737,9821,
726,72.497,18,knife,0.3332,1024,1213,1055,1332,3689,
727,72.597,18,knife,0.5681,1929,576,1990,738,9882,
727,72.597,18,knife,0.3827,1024,1213,1055,1332,3689,
728,72.697,18,knife,0.3477,1024,1213,1055,1332,3689,
729,72.797,18,knife,0.3615,1024,1213,1056,1333,3840,
729,72.797,18,Bottle,0.3046,2494,576,2535,659,3403,
730,72.897,18,Cigarette,0.5466,2293,1402,2338,1440,1710,
730,72.897,18,knife,0.3544,1024,1213,1056,1333,3840,
730,72.897,18,Bottle,0.2852,2494,576,2535,658,3362,
731,72.997,18,Cigarette,0.5803,983,346,1006,373,621,
731,72.997,18,Bottle,0.3523,2494,576,2532,659,3154,
731,72.997,18,knife,0.3342,1024,1212,1055,1339,3937,
731,72.997,18,knife,0.3002,1927,576,1987,737,9660,
732,73.097,18,Bottle,0.3789,2493,576,2532,659,3237,
732,73.097,18,knife,0.3373,1024,1212,1055,1340,3968,
732,73.097,18,knife,0.3018,1926,576,1988,739,10106,
732,73.097,18,Cigarette,0.2679,994,360,1019,391,775,
733,73.197,18,Cigarette,0.6184,1003,367,1031,403,1008,
733,73.197,18,Bottle,0.4303,2492,576,2530,659,3154,
733,73.197,18,knife,0.3588,1024,1211,1055,1345,4154,
734,73.297,18,Cigarette,0.4419,1016,386,1043,414,756,
734,73.297,18,Bottle,0.4187,2492,576,2529,658,3034,
734,73.297,18,knife,0.3322,1024,1211,1054,1342,3930,
735,73.397,18,Bottle,0.4234,2490,576,2529,658,3198,
735,73.397,18,knife,0.2650,1024,1211,1051,1342,3537,
736,73.497,18,Cigarette,0.5681,927,353,935,360,56,1344
736,73.497,18,Bottle,0.3807,2490,576,2529,659,3237,
737,73.597,18,Cigarette,0.3391,1461,473,1496,494,735,
737,73.597,18,Bottle,0.3327,2490,592,2525,662,2450,
739,73.797,18,Bottle,0.2640,2490,600,2525,663,2205,
740,73.897,18,Cigarette,0.5187,998,463,1035,505,1554,
741,73.997,18,Bottle,0.3415,2489,599,2523,662,2142,
742,74.097,18,Bottle,0.4905,2488,586,2523,663,2695,
743,74.197,18,Bottle,0.4623,2488,594,2521,663,2277,
744,74.297,18,Bottle,0.3728,2488,607,2519,662,1705,
745,74.397,18,Bottle,0.4818,2488,606,2519,662,1736,
746,74.497,18,knife,0.2604,1914,576,1981,736,10720,
747,74.597,18,Bottle,0.2541,2488,612,2520,662,1600,
748,74.697,18,Bottle,0.4268,1025,182,1066,292,4510,
748,74.697,18,Bottle,0.4232,953,281,1006,410,6837,1344
751,74.997,18,Bottle,0.3234,2490,606,2523,662,1848,
752,75.097,18,Cigarette,0.6741,976,432,982,439,42,1344
752,75.097,18,Bottle,0.3397,2489,598,2523,662,2176,
753,75.197,18,Bottle,0.3056,2490,576,2532,660,3528,
753,75.197,18,Cigarette,0.2676,2530,1004,2557,1074,1890,
754,75.297,18,Cigarette,0.5017,2531,1022,2556,1074,1300,
755,75.397,18,Bottle,0.2791,2493,576,2534,660,3444,
756,75.497,18,Bottle,0.3348,2490,576,2531,660,3444,
756,75.497,18,Cigarette,0.2826,2531,1037,2556,1074,925,
757,75.597,18,Cigarette,0.4142,2532,1039,2557,1074,875,
757,75.597,18,Bottle,0.3680,2491,576,2529,659,3154,
758,75.697,18,Bottle,0.4900,1026,180,1063,267,3219,
758,75.697,18,Cigarette,0.4356,2539,1042,2558,1071,551,
759,75.797,18,Bottle,0.2838,1016,179,1054,262,3154,
762,76.097,18,Bottle,0.2641,330,877,369,972,3705,
763,76.197,18,knife,0.3312,1024,1211,1065,1376,6765,
764,76.297,18,Bottle,0.3797,979,179,1002,236,1311,
764,76.297,18,knife,0.2581,1024,1211,1068,1384,7612,
765,76.397,18,Bottle,0.4270,975,172,998,234,1426,
765,76.397,18,Bottle,0.3990,978,161,1011,234,2409,
765,76.397,18,knife,0.2798,1024,1210,1070,1385,8050,
766,76.497,18,Cigarette,0.7323,1386,846,1404,865,342,1344
766,76.497,18,Bottle,0.5534,974,154,1010,227,2628,
766,76.497,18,Cigarette,0.2506,1415,649,1446,669,620,1344
767,76.597,18,Cigarette,0.4876,1328,824,1354,854,780,
769,76.797,18,Cigarette,0.3522,1609,819,1655,862,1978,
769,76.797,18,Bottle,0.3348,961,157,986,216,1475,
771,76.997,18,knife,0.3443,1024,1211,1067,1385,7482,
772,77.097,18,knife,0.3503,1024,1210,1067,1385,7525,
773,77.197,18,knife,0.2978,1024,1211,1065,1382,7011,
773,77.197,18,Cigarette,0.2911,1984,1143,2052,1212,4692,
774,77.297,18,knife,0.2638,1932,576,1992,732,9360,
774,77.297,18,knife,0.2574,1024,1211,1067,1387,7568,
775,77.397,18,Cigarette,0.3510,2215,1360,2283,1433,4964,
775,77.397,18,knife,0.2764,1024,1210,1068,1386,7744,
776,77.497,18,knife,0.2682,1932,576,1992,732,9360,
777,77.597,18,knife,0.2619,1024,1211,1068,1384,7612,
777,77.597,18,knife,0.2539,1931,576,1992,728,9272,
778,77.697,18,Bottle,0.3647,1242,250,1281,336,3354,
779,77.797,18,knife,0.2860,1024,1211,1062,1378,6346,
780,77.897,18,knife,0.3070,1024,1213,1058,1349,4624,
781,77.997,18,knife,0.3084,1024,1210,1066,1378,7056,
781,77.997,18,knife,0.2969,1930,576,1992,731,9610,
782,78.097,18,knife,0.2726,1925,576,1988,731,9765,
